track_name,duration_ms,energy,danceability,loudness,valence,tempo,time_signature,pitch_avg,timbre_avg,key_change_percentage,mode_avg,playlist
"Concerto No. 4 in G major, BWV 1049: II. Andante",219947,0.0245,0.169,-27.877,0.0667,135.468,4,"[0.34, 0.24, 0.32, 0.14, 0.31, 0.24, 0.14, 0.29, 0.13, 0.39, 0.26, 0.14]","[27.09, -2.55, 43.62, -11.54, 47.46, -32.39, 5.96, 1.3, 9.31, 5.99, -9.92, -8.05]",90.0,0.6,ja
"Violin Concerto in A Minor, BWV 1041: II. Andante",332533,0.0673,0.199,-22.556,0.0575,74.49,4,"[0.36, 0.16, 0.29, 0.12, 0.2, 0.21, 0.15, 0.33, 0.14, 0.27, 0.13, 0.23]","[33.72, 47.81, 69.75, -2.53, 39.44, -20.66, -20.15, -6.6, -2.79, -1.67, -5.8, 0.66]",90.9090909090909,0.71,ja
"Mass in B Minor, BWV 232: Agnus Dei: Agnus Dei (Alto)",319453,0.0099,0.108,-31.557,0.0442,86.297,4,"[0.23, 0.41, 0.19, 0.13, 0.16, 0.21, 0.37, 0.14, 0.25, 0.21, 0.11, 0.2]","[24.49, -35.98, 24.41, -21.47, 36.08, -27.32, -27.66, -2.31, -2.34, -0.54, -3.16, 1.56]",94.44444444444444,0.53,ja
"The Well-Tempered Clavier,BWV 846: Prelude I in C Major",150213,0.155,0.159,-31.61,0.234,133.046,4,"[0.44, 0.25, 0.32, 0.3, 0.19, 0.46, 0.22, 0.29, 0.18, 0.41, 0.52, 0.23]","[29.61, 66.15, 5.23, -18.09, 50.56, -35.17, -28.17, -12.54, 2.3, 5.9, -7.18, -12.32]",83.33333333333334,1.0,ja
"Bach: Fugee, BWV 543",214954,0.267,0.46,-24.927,0.505,171.044,4,"[0.12, 0.3, 0.11, 0.17, 0.16, 0.1, 0.2, 0.09, 0.41, 0.37, 0.09, 0.3]","[34.07, -179.96, 33.28, 6.85, 70.85, -29.06, -36.76, -2.8, -5.81, -5.41, -0.12, -9.88]",87.5,0.27,ja
"Matthäus Passion, BWV 244: Recitativo, ""Da hub er an, sich zu verfluchen""",70547,0.0358,0.324,-20.686,0.0828,81.549,1,"[0.29, 0.35, 0.3, 0.25, 0.26, 0.41, 0.21, 0.24, 0.27, 0.16, 0.15, 0.15]","[31.36, 26.32, 40.78, -12.14, 39.58, -11.36, -34.91, 0.21, 12.96, 3.37, -10.87, -0.34]",50.0,0.75,ja
"Matthäus Passion, BWV 244: Aria, ""Erbarme dich""",368680,0.067,0.172,-20.831,0.116,92.288,5,"[0.38, 0.33, 0.19, 0.24, 0.14, 0.36, 0.28, 0.18, 0.24, 0.21, 0.4, 0.18]","[33.72, 23.98, 42.9, -16.11, 37.95, -20.71, -41.51, -6.84, 4.49, -1.02, -4.18, 5.21]",93.33333333333333,0.29,ja
"Suite No.3 In D, BWV 1068: 2. Air",365147,0.07,0.0753,-27.272,0.0625,79.801,4,"[0.24, 0.28, 0.36, 0.19, 0.37, 0.14, 0.3, 0.32, 0.21, 0.45, 0.21, 0.33]","[31.62, 11.46, 63.37, -4.92, 22.32, -26.62, -29.07, -4.77, -4.24, 0.0, -2.85, -9.61]",90.9090909090909,0.75,ja
"Gottes Zeit ist die allerbeste Zeit, Sonatina az ""Actus tragicus""-ból, BWV 106",138840,0.0252,0.457,-35.116,0.168,74.137,4,"[0.24, 0.15, 0.2, 0.46, 0.15, 0.49, 0.09, 0.26, 0.31, 0.09, 0.35, 0.07]","[22.04, -134.26, 11.56, 7.16, 71.97, -25.17, -0.26, 22.0, -27.35, -3.25, -6.23, -0.42]",66.66666666666667,0.86,ja
"Bach, JS: Concerto for 4 Pianos in A Minor, BWV 1065: II. Largo",150893,0.00927,0.226,-23.203,0.0678,212.894,4,"[0.25, 0.26, 0.33, 0.14, 0.45, 0.12, 0.22, 0.29, 0.13, 0.31, 0.12, 0.23]","[27.1, -105.71, 37.05, 2.02, 85.02, -30.05, -5.78, 6.89, -13.34, -2.48, -4.71, -6.11]",85.71428571428571,0.88,ja
"Goldberg Variations, BWV 988: Aria",184853,0.0139,0.454,-29.966,0.244,130.253,4,"[0.23, 0.12, 0.23, 0.08, 0.25, 0.08, 0.28, 0.37, 0.14, 0.28, 0.07, 0.27]","[24.31, -128.79, 7.96, 19.56, 82.39, -32.81, -7.57, 21.91, -7.02, 1.8, -7.25, -6.72]",87.5,0.64,ja
"Fugue, In C Minor, BWV 961",144960,0.151,0.477,-23.461,0.691,137.587,4,"[0.28, 0.08, 0.21, 0.21, 0.08, 0.25, 0.06, 0.26, 0.18, 0.12, 0.32, 0.12]","[33.0, -89.55, 48.16, 53.62, 52.2, -19.02, -32.21, -6.62, -10.0, -0.93, -8.05, -3.93]",87.5,0.62,ja
Toccata and Fugue in D minor,567467,0.0463,0.0692,-25.35,0.0714,71.749,4,"[0.34, 0.38, 0.45, 0.19, 0.3, 0.29, 0.16, 0.31, 0.17, 0.45, 0.23, 0.14]","[29.34, -18.59, 45.99, -10.45, 17.71, -25.87, -4.58, -0.63, -10.49, -5.35, -3.58, 1.24]",93.33333333333333,0.61,ja
"Concerto in D Minor, BWV 974: 2. Adagio",250333,0.0179,0.383,-30.931,0.0387,63.586,4,"[0.21, 0.28, 0.4, 0.14, 0.38, 0.36, 0.12, 0.31, 0.1, 0.33, 0.21, 0.09]","[23.88, -124.16, 36.2, 23.86, 83.74, -33.15, 5.26, 19.59, -10.16, -0.56, -4.94, -11.22]",66.66666666666666,0.43,ja
"Concerto in D Minor, BWV 974: 3. Presto",211320,0.361,0.454,-21.28,0.868,116.198,3,"[0.33, 0.3, 0.33, 0.23, 0.31, 0.41, 0.16, 0.3, 0.17, 0.32, 0.2, 0.14]","[35.01, -109.15, 56.76, 33.94, 46.15, -31.99, 2.65, 5.86, -2.92, -1.09, -4.19, -5.22]",88.88888888888889,0.33,ja
"Widerstehe doch der Sünde, BWV 54 (Transcr. by Víkingur Ólafsson)",266213,0.0876,0.42,-28.052,0.278,82.496,4,"[0.27, 0.11, 0.24, 0.52, 0.11, 0.43, 0.06, 0.3, 0.27, 0.13, 0.37, 0.06]","[27.19, -169.01, 4.74, 5.06, 65.07, -31.31, -9.49, 10.85, -17.09, -4.46, -3.46, -5.0]",90.0,1.0,ja
"Ich ruf zu dir, Herr Jesu Christ, BWV 639",192760,0.000985,0.188,-25.912,0.192,66.203,3,"[0.42, 0.4, 0.14, 0.19, 0.14, 0.39, 0.19, 0.28, 0.45, 0.15, 0.21, 0.14]","[33.27, -178.48, 32.26, -18.61, 34.67, -35.46, 4.98, 4.25, -3.43, -4.37, 1.15, 1.18]",83.33333333333333,0.57,ja
"Wachet auf, ruft uns die Stimme, BWV 645",228120,0.0589,0.356,-23.721,0.355,79.983,4,"[0.25, 0.39, 0.45, 0.18, 0.37, 0.16, 0.39, 0.29, 0.2, 0.35, 0.14, 0.27]","[31.53, -72.28, 22.58, -20.93, 9.99, -14.73, -10.86, -2.78, -12.81, -6.08, -7.43, 4.6]",66.66666666666666,1.0,ja
"Flute Sonata in E Minor, BWV 1034: III. Andante",196093,0.0142,0.248,-26.17,0.142,102.439,3,"[0.57, 0.23, 0.34, 0.14, 0.22, 0.07, 0.23, 0.35, 0.1, 0.2, 0.06, 0.27]","[30.53, -15.04, 102.1, 8.95, 40.81, -18.85, 3.05, -0.74, -3.91, -1.78, -8.65, -11.69]",75.0,0.64,ja
"Wenn wir in höchsten Nöten sein, BWV 641",143160,0.297,0.0681,-15.934,0.0667,67.497,4,"[0.31, 0.37, 0.17, 0.43, 0.17, 0.21, 0.11, 0.26, 0.48, 0.13, 0.26, 0.09]","[43.39, -41.31, 41.47, -13.81, 3.09, -22.17, -12.11, -4.39, -4.79, -7.67, -3.85, -4.63]",66.66666666666666,1.0,ja
"Das alte Jahr vergangen ist, BWV 614",151800,0.182,0.187,-24.464,0.0657,74.362,4,"[0.4, 0.44, 0.22, 0.31, 0.19, 0.36, 0.27, 0.17, 0.22, 0.17, 0.34, 0.26]","[35.15, -135.68, 36.81, -12.38, 6.76, -22.93, 1.27, 4.38, -24.97, -13.63, -1.42, -0.93]",85.71428571428571,0.57,ja
"Orchestral Suite No. 2 in B Minor, BWV 1067: VII. Badinerie",90107,0.269,0.515,-21.859,0.964,130.998,4,"[0.3, 0.51, 0.51, 0.24, 0.32, 0.23, 0.47, 0.25, 0.25, 0.36, 0.23, 0.46]","[35.01, -18.35, 59.61, 21.61, 49.36, -16.96, 12.13, 2.35, 5.07, 5.11, -10.84, -5.33]",66.66666666666666,0.2,ja
"Sonata in E-Flat, BWV 1031: Siciliana",130240,0.0313,0.304,-25.56,0.33,103.913,3,"[0.26, 0.09, 0.24, 0.18, 0.11, 0.21, 0.15, 0.3, 0.05, 0.24, 0.23, 0.05]","[32.47, -17.27, 105.12, 14.09, 49.81, -20.21, -6.73, 0.57, -9.4, -3.34, -6.5, -16.81]",80.0,0.5,ja
"Italian Concerto in F Major, BWV 971: I. -",248907,0.313,0.379,-20.558,0.927,95.976,4,"[0.42, 0.2, 0.37, 0.12, 0.2, 0.25, 0.1, 0.22, 0.12, 0.37, 0.26, 0.19]","[36.24, -70.68, 66.79, 33.21, 45.72, -24.72, -23.75, -2.58, -5.45, -2.01, -4.79, -7.39]",92.85714285714286,0.79,ja
"Keyboard Concerto No. 5 in F Minor, BWV 1056: II. Largo",176467,0.0416,0.538,-25.889,0.16,59.173,4,"[0.29, 0.3, 0.17, 0.28, 0.12, 0.24, 0.15, 0.2, 0.24, 0.12, 0.18, 0.12]","[28.9, -113.4, 12.65, 14.86, 32.98, -26.55, 18.7, 11.38, -1.69, 6.32, -10.87, -12.26]",80.0,0.57,ja
"Passacaglia in C minor, BWV 582",795120,0.207,0.121,-12.532,0.117,74.265,3,"[0.45, 0.18, 0.31, 0.35, 0.16, 0.31, 0.18, 0.48, 0.31, 0.16, 0.19, 0.21]","[42.48, -49.27, 49.55, -9.18, 37.96, -29.39, 0.4, 0.07, -2.98, -4.72, -2.15, 7.0]",93.33333333333333,0.28,ja
"Nun komm, der Heiden Heiland, BWV 659 - Arranged For Piano By Wilhelm Kempff",275595,0.0403,0.442,-27.016,0.086,129.519,4,"[0.35, 0.09, 0.37, 0.33, 0.09, 0.18, 0.11, 0.38, 0.07, 0.26, 0.28, 0.11]","[29.04, -167.52, 10.85, 10.84, 58.37, -24.34, -18.63, 6.8, -11.93, -3.12, -3.51, -8.63]",88.88888888888889,0.36,ja
"Concerto For Harpsichord, Strings, And Continuo No.5 In F Minor, BWV 1056 - Arranged by Wilhelm Kempff: Largo",216853,0.0221,0.47,-26.43,0.0956,106.584,4,"[0.32, 0.26, 0.16, 0.36, 0.08, 0.27, 0.11, 0.22, 0.33, 0.11, 0.25, 0.07]","[28.09, -152.37, 33.04, 19.46, 76.21, -28.08, -1.23, 10.25, -4.81, 1.5, -5.6, -10.76]",88.88888888888889,0.7,ja
"Jesus bleibet meine Freude, BWV 147/6 (Cantata 147, Herz und Mund und Tat und Leben)",209640,0.0258,0.0637,-28.312,0.124,66.372,3,"[0.33, 0.4, 0.22, 0.44, 0.23, 0.28, 0.12, 0.17, 0.39, 0.1, 0.16, 0.09]","[29.82, -212.26, -16.97, -35.51, 46.11, -41.32, 12.36, 6.21, -5.96, -2.59, -4.53, -8.35]",85.71428571428572,0.91,ja
"Prelude for Lute in C Minor, BWV 999",89787,0.404,0.198,-20.514,0.207,194.901,3,"[0.2, 0.16, 0.36, 0.12, 0.38, 0.21, 0.13, 0.22, 0.34, 0.48, 0.16, 0.31]","[36.19, -96.73, -9.6, 0.67, 36.2, -35.94, -17.96, -18.71, 0.52, 1.6, -2.86, 12.32]",66.66666666666666,0.5,ja
"Bach, J.S.: Violin Partita No. 2 in D Minor, BWV 1004: V. Chaconne",946800,0.109,0.245,-18.066,0.209,101.702,1,"[0.16, 0.27, 0.42, 0.08, 0.19, 0.19, 0.14, 0.18, 0.08, 0.31, 0.15, 0.15]","[37.83, 63.86, 120.24, 17.91, 69.77, -17.07, -34.71, -5.06, -5.29, -1.15, -1.34, 4.67]",96.7741935483871,0.61,ja
"Goldberg Variations, BWV 988: Variation 1 a 1 Clav.",70387,0.462,0.504,-16.922,0.984,164.917,4,"[0.2, 0.18, 0.32, 0.12, 0.24, 0.07, 0.25, 0.29, 0.11, 0.27, 0.08, 0.25]","[39.54, -73.72, 45.93, 46.75, 41.24, -21.18, -13.78, 0.77, -0.38, -0.06, -12.18, -0.8]",66.66666666666666,1.0,ja
"Goldberg Variations, BWV 988: Variation 3 a 1 Clav. Canone all'Unisono",90707,0.282,0.42,-23.046,0.936,96.199,4,"[0.31, 0.2, 0.31, 0.12, 0.28, 0.08, 0.28, 0.34, 0.1, 0.29, 0.09, 0.4]","[34.29, -113.22, 39.28, 21.72, 52.7, -31.49, -10.22, 0.32, 8.21, 1.61, -3.07, -3.59]",50.0,0.75,ja
"Bach: Partita in A Minor, BWV 1013: I. Allemande",302080,0.0288,0.386,-26.494,0.682,135.355,5,"[0.17, 0.11, 0.22, 0.17, 0.17, 0.16, 0.14, 0.25, 0.12, 0.2, 0.22, 0.1]","[30.86, -82.25, 137.64, 33.56, 106.67, -16.46, -18.35, -0.11, -1.66, -2.08, -3.01, -12.1]",88.88888888888889,0.54,ja
"Sonata No.2 In E Flat Major, BWV 1031: 2. Siciliano",116280,0.0321,0.301,-26.834,0.525,111.549,3,"[0.11, 0.32, 0.17, 0.1, 0.18, 0.14, 0.27, 0.08, 0.27, 0.21, 0.06, 0.23]","[30.78, -6.57, 91.97, 11.78, 102.05, -22.01, -28.41, -6.86, -3.68, 2.19, -4.92, -9.59]",75.0,0.5,ja
"Die Kunst der Fuga, BWV 1080: I. Fuga simplex rectus, BWV 1080/1",182920,0.0645,0.259,-20.076,0.102,104.571,4,"[0.21, 0.45, 0.1, 0.26, 0.22, 0.1, 0.2, 0.13, 0.38, 0.24, 0.17, 0.27]","[37.0, -53.04, 12.53, -28.22, 23.96, -24.9, -27.78, -7.03, 2.56, -3.72, -3.26, 1.36]",66.66666666666667,0.17,ja
"St. Matthew Passion, BWV 244, Pt. 1: No. 3, Herzliebster Jesu, was hast du verbrochen (Live)",61889,0.15,0.305,-16.553,0.12,32.591,3,"[0.24, 0.32, 0.3, 0.13, 0.28, 0.14, 0.48, 0.24, 0.11, 0.22, 0.22, 0.48]","[40.49, -42.19, 59.17, -4.69, 28.48, -31.59, 5.16, 4.85, -9.46, -1.94, -3.56, 2.53]",0.0,0.0,ja
"O Welt, sieh' hier dein Leben, BWV 395",49520,0.168,0.139,-19.161,0.17,77.053,1,"[0.43, 0.31, 0.18, 0.47, 0.21, 0.34, 0.13, 0.28, 0.45, 0.17, 0.4, 0.15]","[36.59, -56.87, 32.84, -17.05, 34.87, -27.45, -19.21, 0.16, -1.16, -1.16, -2.69, 6.79]",50.0,1.0,ja
"Concerto in F major, BWV 978 (from Vivaldi RV 310) - Arr. for harp and orchestra by N.Zabaleta: 3. Allegro",161360,0.257,0.682,-19.163,0.599,96.099,1,"[0.45, 0.22, 0.36, 0.16, 0.3, 0.3, 0.2, 0.39, 0.21, 0.39, 0.21, 0.26]","[35.1, -54.1, 22.12, 13.62, 28.83, -5.98, -12.2, -3.65, -2.29, -1.84, -10.99, -3.24]",80.0,0.71,ja
"In dich hab' ich gehoffet, Herr, BWV 640",55000,0.0357,0.0953,-24.547,0.201,74.114,3,"[0.22, 0.24, 0.15, 0.26, 0.56, 0.15, 0.49, 0.39, 0.1, 0.21, 0.15, 0.49]","[33.81, -55.42, 67.0, -4.28, -7.9, -21.17, 11.83, 4.1, -27.52, -10.36, -2.93, -2.11]",50.0,0.67,ja
"Fantasia & Fugue In A Minor, BWV 944: Fantasia",43800,0.309,0.287,-19.129,0.0659,125.582,4,"[0.31, 0.27, 0.28, 0.16, 0.55, 0.25, 0.15, 0.18, 0.23, 0.41, 0.15, 0.41]","[39.79, -82.84, 38.99, -2.37, 24.51, -33.33, -11.11, -4.58, -5.31, -5.17, 0.38, 5.77]",50.0,0.33,ja
"Suite In E Minor, BWV 996 - Transp. In G Minor: 5. Bourrée",75827,0.303,0.572,-18.894,0.684,79.275,3,"[0.31, 0.1, 0.42, 0.11, 0.08, 0.19, 0.13, 0.38, 0.13, 0.39, 0.45, 0.14]","[36.67, -76.35, -17.43, 13.69, 11.34, -20.28, -19.5, -13.72, -2.73, 1.83, -8.35, 7.48]",75.0,0.25,ja
"Suite No.2 In B Minor, BWV 1067: 7. Menuet",90987,0.0262,0.588,-19.945,0.438,97.788,3,"[0.34, 0.33, 0.13, 0.29, 0.11, 0.41, 0.22, 0.1, 0.33, 0.19, 0.43, 0.07]","[35.15, -15.38, 38.5, -9.53, 67.01, -12.18, -7.91, -6.63, 17.2, 9.2, -17.46, -0.79]",66.66666666666666,0.25,ja
"Prelude & Fugue in C Minor (Well-Tempered Clavier, Book I, No. 2), BWV 847: 1. Prelude",84453,0.18,0.389,-25.022,0.384,64.889,4,"[0.44, 0.25, 0.31, 0.45, 0.29, 0.39, 0.22, 0.4, 0.31, 0.19, 0.14, 0.19]","[30.61, -151.51, 21.56, 9.09, 40.52, -33.8, -14.19, 6.91, -18.66, -7.64, -0.99, -3.06]",0.0,0.33,ja
"Cello Suite No. 1 in G Major, BWV 1007: I. Prélude",134933,0.191,0.391,-25.097,0.44,99.848,4,"[0.29, 0.25, 0.33, 0.21, 0.4, 0.18, 0.35, 0.35, 0.13, 0.21, 0.08, 0.22]","[31.69, -57.67, 35.09, -1.09, 5.96, -11.22, -11.41, -5.29, -12.09, -0.71, -9.84, -8.85]",85.71428571428571,0.71,ja
"Goldberg Variations, BWV 988: Variatio 21 Canone alla Settima. (a 1 Clav.)",276507,0.0421,0.445,-27.066,0.356,117.32,4,"[0.25, 0.09, 0.31, 0.15, 0.14, 0.2, 0.13, 0.28, 0.09, 0.21, 0.25, 0.07]","[29.18, -163.72, 14.73, 6.96, 58.38, -23.82, -18.69, 7.38, -11.28, -6.39, -0.7, -3.68]",90.9090909090909,0.43,ja
"Orgelbüchlein: 5. Puer natus in Bethlehem, BWV 603",60128,0.0457,0.3,-29.854,0.447,61.142,1,"[0.38, 0.25, 0.32, 0.26, 0.13, 0.19, 0.16, 0.25, 0.09, 0.22, 0.29, 0.18]","[29.64, -84.43, -5.89, -29.67, 4.91, -31.46, 12.68, 6.87, -25.61, -3.41, -2.94, 10.48]",66.66666666666666,0.33,ja
"Erbarm dich mein, o Herre Gott, BWV 721 (Arr. A. Balio for Trumpet & Organ)",222000,0.013,0.114,-23.46,0.0578,81.203,4,"[0.13, 0.23, 0.41, 0.1, 0.22, 0.06, 0.36, 0.32, 0.11, 0.41, 0.11, 0.37]","[33.2, -90.95, 57.37, -8.98, 17.28, -29.69, 25.9, 7.93, -27.09, -11.54, 0.02, 11.46]",90.0,0.55,ja
"Toccata And Fugue In D Minor, BWV 538 ""Dorian"": 1. (Toccata)",316093,0.239,0.179,-18.427,0.169,77.843,4,"[0.33, 0.3, 0.45, 0.2, 0.38, 0.38, 0.21, 0.33, 0.18, 0.48, 0.24, 0.22]","[40.56, 54.87, 44.67, -11.51, 26.79, -26.67, -4.91, -3.44, -7.83, -1.83, -5.97, 3.01]",90.9090909090909,0.64,ja
"Concerto in F major, BWV 978 (from Vivaldi RV 310) - Arr. for harp and orchestra by N.Zabaleta: 2. Largo",159307,0.0855,0.513,-17.916,0.125,77.147,4,"[0.2, 0.23, 0.47, 0.11, 0.2, 0.12, 0.15, 0.33, 0.14, 0.46, 0.15, 0.13]","[34.62, -79.93, 26.09, 1.68, 38.91, -20.56, -19.62, 1.72, -2.53, -2.01, -7.22, -6.53]",90.0,0.9,ja
"Lute Suite in E Minor, BWV 996 (Arr. J. Williams for Guitar): IV. Sarabande",269893,0.00996,0.415,-30.74,0.256,172.05,1,"[0.2, 0.19, 0.19, 0.11, 0.16, 0.06, 0.31, 0.34, 0.22, 0.27, 0.16, 0.39]","[23.38, -117.99, -23.04, 5.28, 69.71, -29.59, -21.88, 4.34, -7.83, 5.7, -9.15, -1.62]",90.0,0.77,nei
"Violin Partita No. 3 in E Major, BWV 1006: I. Preludio",214227,0.318,0.464,-17.351,0.946,125.669,3,"[0.15, 0.3, 0.13, 0.12, 0.26, 0.07, 0.19, 0.07, 0.28, 0.3, 0.08, 0.26]","[39.13, 88.8, 114.57, 42.22, 68.31, -6.42, -47.49, -10.93, -2.08, 0.8, -5.27, -10.12]",87.5,0.73,nei
"Suite for Cello Solo No.6 in D, BWV 1012: 5. Gavotte I-II",273560,0.0588,0.485,-18.57,0.593,65.267,4,"[0.07, 0.14, 0.46, 0.21, 0.26, 0.17, 0.26, 0.28, 0.11, 0.38, 0.12, 0.14]","[36.87, -39.74, 39.99, 2.39, 16.6, 3.03, -15.73, -5.84, -19.24, -4.76, -11.74, 5.31]",88.88888888888889,0.75,nei
"Sonata for Viola da Gamba No. 3 in G Minor, BWV 1029: II. Adagio",258360,0.0197,0.254,-30.529,0.182,86.088,4,"[0.33, 0.15, 0.25, 0.16, 0.14, 0.29, 0.13, 0.32, 0.12, 0.26, 0.33, 0.19]","[25.77, -53.64, 6.32, -20.05, 26.36, -27.83, -10.73, -4.17, -7.45, -0.67, -6.32, 3.93]",90.0,0.69,nei
"Erster Teil - Jauchzet, Frohlocket, Auf, Preiset Die Tage: Aria (Bass) - Großer Herr, O Starker König (Bach)",268200,0.324,0.531,-12.987,0.69,93.163,4,"[0.4, 0.57, 0.22, 0.33, 0.23, 0.42, 0.33, 0.3, 0.54, 0.19, 0.28, 0.17]","[42.5, 29.02, 66.33, 3.49, 11.67, -4.63, -11.25, -0.26, -6.04, -6.42, -10.38, -5.75]",85.71428571428571,0.85,nei
"St. Matthew Passion, BWV 244: Pt. I: No. 1, Chorus. Kommt, ihr Tochter, helft mir klagen (Chorus, Soprano in ripieno)",397293,0.121,0.221,-19.797,0.126,136.425,5,"[0.34, 0.25, 0.31, 0.2, 0.42, 0.2, 0.36, 0.31, 0.19, 0.28, 0.19, 0.49]","[36.31, -32.87, 91.43, 6.98, 40.62, -25.17, 2.29, 3.26, -10.99, -2.76, -4.54, 0.26]",83.33333333333333,0.33,nei
"Organ Sonata No. 4, BWV 528: 2. Andante [Adagio] (Transcr. by August Stradal)",326520,0.0414,0.384,-23.019,0.0618,71.224,4,"[0.17, 0.36, 0.3, 0.14, 0.33, 0.14, 0.4, 0.26, 0.14, 0.25, 0.09, 0.28]","[28.47, -141.74, 16.4, 2.98, 64.61, -31.78, -3.96, 5.14, -9.65, -2.96, -4.72, -8.26]",91.66666666666667,0.64,nei
"Concerto in D Minor for Two Violins, BWV 1043: Concerto in D Minor for Two Violins, BWV 1043: I. Vivace",208493,0.473,0.61,-15.869,0.809,107.517,4,"[0.33, 0.51, 0.18, 0.34, 0.32, 0.26, 0.39, 0.24, 0.43, 0.26, 0.28, 0.35]","[40.49, 58.71, 41.51, 4.5, 21.56, -5.9, -24.35, -10.69, 3.81, 2.79, -12.93, -5.25]",87.5,0.22,nei
"Flute Sonata in C Major, BWV 1033: II. Allegro",144000,0.225,0.605,-23.603,0.905,125.561,4,"[0.66, 0.26, 0.38, 0.21, 0.26, 0.19, 0.21, 0.43, 0.2, 0.29, 0.07, 0.27]","[33.95, -22.51, 83.28, 35.1, 31.72, -9.2, 2.35, -3.27, -6.79, -3.41, -10.49, -10.14]",83.33333333333333,0.86,nei
"Goldberg Variations, BWV 988: Variation 4 a 1 Clav.",50480,0.461,0.562,-14.43,0.961,86.493,4,"[0.23, 0.18, 0.32, 0.07, 0.26, 0.05, 0.31, 0.38, 0.07, 0.32, 0.06, 0.31]","[42.82, -53.68, 37.2, 42.06, 37.52, -19.28, -20.76, -5.83, -0.25, 0.94, -7.39, -0.91]",0.0,1.0,nei
"Goldberg Variations, BWV 988: Variation 5 a 1 ovvero 2 Clav.",37027,0.208,0.409,-22.097,0.869,82.027,1,"[0.29, 0.25, 0.43, 0.13, 0.36, 0.08, 0.37, 0.34, 0.12, 0.34, 0.09, 0.29]","[36.06, -96.52, 52.31, 20.8, 49.93, -24.3, -18.94, -6.04, 1.58, -2.59, -2.17, -1.63]",0.0,1.0,nei
"Goldberg Variations, BWV 988: Variation 9 a 1 Clav. Canone alla Terza",59373,0.223,0.537,-24.337,0.961,97.19,4,"[0.24, 0.18, 0.3, 0.14, 0.28, 0.07, 0.26, 0.36, 0.11, 0.34, 0.09, 0.29]","[32.47, -120.98, 46.14, 39.48, 56.04, -27.42, -3.92, 6.2, 2.62, 0.3, -6.1, -5.27]",66.66666666666667,0.67,nei
"Goldberg Variations, BWV 988: Variation 14 a 2 Clav.",64707,0.29,0.43,-17.084,0.964,94.367,4,"[0.23, 0.18, 0.33, 0.13, 0.23, 0.11, 0.31, 0.33, 0.12, 0.35, 0.11, 0.32]","[39.69, -71.05, 58.43, 30.15, 43.32, -27.55, -14.84, -2.16, -3.12, -0.41, -9.0, -0.18]",75.0,0.75,nei
"Cello Suite No. 1 in G Major, BWV 1007: I. Prélude",152280,0.157,0.275,-18.752,0.304,73.289,4,"[0.21, 0.19, 0.28, 0.11, 0.2, 0.22, 0.43, 0.42, 0.18, 0.37, 0.11, 0.25]","[36.75, -54.18, 23.9, -16.73, 3.25, -21.85, -9.65, -3.08, -6.89, -3.9, -6.48, -3.92]",83.33333333333333,0.88,nei
"Weihnachts-Oratorium, BWV 248, Pt. 2: Schlafe, mein Liebster",603000,0.0308,0.207,-28.161,0.102,114.032,4,"[0.2, 0.43, 0.16, 0.28, 0.12, 0.29, 0.46, 0.16, 0.33, 0.14, 0.36, 0.34]","[28.71, -72.91, 44.43, -9.93, 46.67, -30.13, 2.73, 1.63, 1.26, -2.88, -3.0, 10.82]",95.23809523809524,0.84,nei
"Harpsichord Concerto in E Major, BWV 1053: I. Allegro",458133,0.296,0.509,-16.694,0.797,94.442,4,"[0.23, 0.48, 0.19, 0.27, 0.31, 0.13, 0.31, 0.13, 0.37, 0.21, 0.15, 0.44]","[40.0, 48.7, 40.95, -1.09, 49.73, -15.1, -16.98, -3.17, -7.19, 4.97, -9.94, 2.67]",94.73684210526315,0.65,nei
"Weihnachts-Oratorium, BWV 248, Pt. 1: Jauchzet, frohlocket",449093,0.317,0.445,-16.443,0.478,139.178,3,"[0.36, 0.54, 0.36, 0.44, 0.24, 0.42, 0.36, 0.26, 0.51, 0.29, 0.35, 0.21]","[39.14, -10.49, 65.65, 3.88, 38.13, -15.99, 3.6, 1.28, -4.41, -2.41, -8.82, 3.18]",88.88888888888889,0.81,nei
Nun danket alle Gott BWV 386,147760,0.292,0.158,-16.738,0.37,67.587,4,"[0.34, 0.3, 0.58, 0.18, 0.28, 0.15, 0.32, 0.6, 0.26, 0.36, 0.16, 0.31]","[40.57, -3.38, 48.01, -7.35, 21.74, -31.15, -0.57, 0.91, 4.73, 1.93, -4.94, 3.63]",50.0,1.0,nei
"Concerto in D Minor for Two Violins, BWV 1043: Concerto in D Minor for Two Violins, BWV 1043: II. Largo ma non tanto",387400,0.153,0.123,-20.18,0.115,86.509,3,"[0.29, 0.43, 0.19, 0.3, 0.38, 0.2, 0.3, 0.17, 0.33, 0.31, 0.24, 0.44]","[35.62, 55.48, 43.59, -15.62, 20.52, -22.19, -26.42, -4.97, 9.05, 4.74, -8.79, -7.14]",90.0,0.76,nei
"Goldberg Variations, BWV 988: Variatio 7 a 1 ovvero 2 Clav. Al tempo di Giga",140040,0.0555,0.31,-25.695,0.566,70.515,4,"[0.27, 0.17, 0.31, 0.13, 0.3, 0.08, 0.23, 0.34, 0.1, 0.3, 0.07, 0.34]","[29.48, -135.41, 54.98, 23.21, 73.44, -26.14, -0.38, 10.77, -3.74, -2.89, -4.61, -8.48]",80.0,0.57,nei
"Prelude No. 3 in C# Major from The Well-Tempered Clavier Book I, BWV 848",81493,0.251,0.322,-19.044,0.904,128.837,4,"[0.19, 0.38, 0.13, 0.32, 0.11, 0.31, 0.3, 0.11, 0.38, 0.11, 0.24, 0.1]","[38.29, -119.2, 60.32, 26.35, 37.95, -28.75, -3.81, 2.27, -2.67, -3.23, -2.43, -7.31]",75.0,0.8,nei
"Keyboard Concerto in A Major, BWV 1055: I. Allegro",264173,0.372,0.539,-17.716,0.779,98.066,4,"[0.35, 0.56, 0.33, 0.27, 0.36, 0.14, 0.31, 0.14, 0.35, 0.45, 0.21, 0.4]","[39.49, 69.77, 34.8, -3.33, 52.5, -19.67, -14.92, -7.65, -9.57, 3.74, -9.54, -1.1]",90.9090909090909,0.85,nei
"Brandenburg Concerto No. 3 in G Major, BWV 1048: II. [Adagio]",89960,0.0214,0.204,-24.423,0.225,94.003,4,"[0.17, 0.17, 0.16, 0.3, 0.07, 0.21, 0.16, 0.12, 0.21, 0.12, 0.46, 0.22]","[31.07, 96.7, 109.77, 7.79, 80.5, -22.03, -22.58, -4.47, 2.35, 2.29, -4.35, 10.98]",75.0,0.25,nei
"Mass in B Minor, BWV 232: Sanctus & Benedictus - Sanctus (Chorus)",289827,0.257,0.231,-19.028,0.369,79.628,4,"[0.42, 0.57, 0.28, 0.47, 0.25, 0.49, 0.34, 0.24, 0.4, 0.21, 0.32, 0.19]","[37.79, 10.79, 115.76, 17.0, 60.13, -26.21, 3.25, 1.51, -2.39, -1.29, -4.22, 6.55]",92.85714285714286,0.75,nei
"Brandenburg Concerto No. 3 in G Major, BWV 1048: I. [Allegro]",332320,0.369,0.567,-14.772,0.891,101.105,4,"[0.25, 0.54, 0.21, 0.32, 0.15, 0.36, 0.32, 0.13, 0.29, 0.12, 0.34, 0.23]","[41.93, 4.81, 32.73, -3.97, 38.05, -8.67, -16.53, -9.15, -4.83, 1.69, -10.78, 2.91]",92.85714285714286,0.87,nei
"Brandenburg Concerto No.5 in D, BWV 1050: 1. Allegro",636427,0.243,0.316,-19.476,0.662,84.886,4,"[0.26, 0.43, 0.4, 0.16, 0.34, 0.17, 0.35, 0.3, 0.23, 0.46, 0.15, 0.27]","[35.84, 26.35, 69.83, 12.62, 44.6, -19.37, 0.0, 0.26, -6.81, 2.36, -10.06, -6.0]",94.73684210526316,0.88,nei
"Sonata No. 2 for Violin & Harpsichord in A Major, BWV 1015: IV. Presto",279267,0.266,0.503,-17.718,0.743,104.44,4,"[0.42, 0.31, 0.17, 0.33, 0.1, 0.3, 0.17, 0.33, 0.4, 0.13, 0.29, 0.1]","[39.31, 78.91, 58.28, 1.85, 60.49, -14.33, -26.35, -7.07, 10.9, 7.15, -12.11, -10.69]",92.3076923076923,0.53,nei
"Keyboard Concerto No. 5 in F Minor, BWV 1056: I. [Allegro]",197280,0.273,0.266,-15.481,0.526,142.677,4,"[0.5, 0.36, 0.13, 0.21, 0.19, 0.37, 0.18, 0.24, 0.27, 0.19, 0.33, 0.2]","[40.99, -63.19, 46.9, 0.36, 22.07, -27.69, -8.04, -0.51, -2.8, -0.28, -4.13, -3.88]",80.0,0.29,nei
"The Well-Tempered Clavier, Book 2: Prelude No. 1 in C Major, BWV 870/1",161518,0.307,0.338,-20.941,0.799,116.974,4,"[0.23, 0.48, 0.16, 0.33, 0.24, 0.15, 0.27, 0.12, 0.38, 0.19, 0.22, 0.35]","[38.31, 60.08, 6.18, -8.66, 68.7, -28.45, -24.89, -8.03, -4.47, 2.93, -4.85, -3.18]",85.71428571428572,0.44,nei
"The Well-Tempered Clavier, Book 2: Fugue No. 22 in B-Flat Minor, BWV 891/2",281553,0.384,0.413,-19.866,0.688,135.533,4,"[0.43, 0.25, 0.38, 0.16, 0.25, 0.16, 0.15, 0.28, 0.2, 0.4, 0.17, 0.41]","[39.15, 58.7, 4.77, -1.22, 70.09, -21.43, -26.94, -9.2, -1.49, 4.66, -6.32, -2.62]",90.0,0.5,nei
"Suite No.2 In B Minor, BWV 1067: 2. Rondeau",118387,0.0453,0.436,-22.794,0.374,126.993,4,"[0.45, 0.32, 0.11, 0.25, 0.12, 0.58, 0.2, 0.17, 0.21, 0.2, 0.37, 0.09]","[34.22, -1.89, 46.78, -10.99, 59.16, -15.15, -18.05, -9.2, 7.47, 4.36, -12.41, -8.12]",80.0,0.2,nei
"Suite No.2 In B Minor, BWV 1067: 6. Polonaise - 6a. Double",221453,0.0355,0.476,-17.028,0.567,99.542,4,"[0.33, 0.33, 0.09, 0.21, 0.08, 0.39, 0.14, 0.08, 0.13, 0.16, 0.41, 0.07]","[37.15, -58.48, 81.84, 14.82, 61.46, -11.36, 39.64, 7.81, -3.1, 2.19, -13.44, 7.87]",85.71428571428571,0.27,nei
"Brandenburg Concerto No.5 in D, BWV 1050: 2. Affetuoso",360013,0.0788,0.276,-25.753,0.111,132.338,4,"[0.16, 0.32, 0.36, 0.15, 0.28, 0.15, 0.37, 0.24, 0.15, 0.23, 0.15, 0.28]","[31.48, 9.93, 107.34, 23.01, 59.07, -22.44, 0.14, 1.61, -5.57, -0.21, -6.58, -9.55]",92.3076923076923,0.5,nei
"Aria mit 30 Veränderungen, BWV 988 ""Goldberg Variations"": Var. 23 a 2 Clav.",162000,0.267,0.469,-21.366,0.926,145.764,4,"[0.29, 0.19, 0.31, 0.12, 0.27, 0.12, 0.27, 0.34, 0.14, 0.35, 0.11, 0.34]","[35.24, -100.14, 41.55, 43.66, 45.2, -18.97, -24.07, -2.13, -7.0, -4.97, -8.09, -3.49]",85.71428571428572,0.78,nei
"Partita No. 1 in B-Flat Major, BWV 825: I. Prelude",116173,0.0552,0.388,-26.555,0.602,92.074,4,"[0.36, 0.1, 0.27, 0.21, 0.16, 0.29, 0.09, 0.26, 0.11, 0.23, 0.41, 0.08]","[29.61, -120.63, 55.5, 18.81, 57.72, -27.34, -6.51, 5.77, -8.44, -3.68, -2.38, -1.6]",75.0,1.0,nei
"Aria mit 30 Veränderungen, BWV 988 ""Goldberg Variations"" - Arranged for String Trio by Dmitry Sitkovetsky: Var. 20 a 2 Clav.",112640,0.13,0.587,-21.581,0.863,104.242,3,"[0.31, 0.19, 0.38, 0.17, 0.24, 0.11, 0.28, 0.37, 0.15, 0.36, 0.14, 0.25]","[33.93, -1.31, 42.86, 14.25, 25.82, -3.14, -25.96, -10.8, -15.28, -2.43, -6.25, 7.21]",66.66666666666667,1.0,nei
"The Well-Tempered Clavier: Book 1, BWV 846-869: Prelude in D Major, BWV 850 (Arr. Badzura)",100630,0.573,0.508,-13.523,0.232,106.207,4,"[0.32, 0.4, 0.37, 0.17, 0.31, 0.18, 0.31, 0.28, 0.28, 0.38, 0.24, 0.26]","[43.11, 28.69, 11.0, -10.39, 7.34, -13.11, -25.75, -7.66, 3.26, 4.07, -12.22, -6.01]",75.0,0.8,nei
"Aria mit 30 Veränderungen, BWV 988 ""Goldberg Variations"" - Arranged for String Trio by Dmitry Sitkovetsky: Var. 8 a 2 Clav.",113000,0.376,0.583,-19.407,0.963,103.028,3,"[0.34, 0.21, 0.32, 0.17, 0.26, 0.15, 0.33, 0.41, 0.16, 0.39, 0.17, 0.35]","[37.11, 9.77, 43.78, 9.02, 28.6, -3.53, -20.86, -7.43, -11.55, -2.78, -8.49, 14.17]",85.71428571428571,0.86,nei
"Mache dich, mein Geist, bereit, BWV 115: IV. Air ""Bete aber auch dabei""",355732,0.0605,0.156,-18.973,0.126,174.343,4,"[0.33, 0.36, 0.12, 0.3, 0.12, 0.4, 0.21, 0.16, 0.27, 0.18, 0.36, 0.14]","[34.38, -55.0, 44.86, -12.19, 54.6, -27.45, -9.84, -0.63, 7.53, -0.31, -6.06, -2.81]",92.3076923076923,0.25,nei
"French Suite No.2 in C minor, BWV 813: 4. Air",74680,0.213,0.48,-26.663,0.967,105.281,4,"[0.31, 0.14, 0.34, 0.38, 0.13, 0.27, 0.14, 0.31, 0.27, 0.18, 0.24, 0.19]","[30.52, -161.49, 29.97, 19.88, 57.73, -35.53, -0.22, 10.11, -0.11, -0.14, -5.04, -2.68]",66.66666666666667,0.17,nei
"Jauchzet Gott in allen Landen Cantata, BWV 51 (Additional Instrumentation By W.F. Bach): 1. ""Jauchzet Gott in allen Landen""",236592,0.388,0.512,-15.512,0.74,103.928,4,"[0.39, 0.44, 0.33, 0.42, 0.34, 0.31, 0.51, 0.23, 0.27, 0.21, 0.33, 0.42]","[40.78, -0.98, 58.29, 8.95, 35.92, -13.47, 6.84, -0.26, 0.78, 0.79, -13.49, -7.16]",87.5,0.77,nei
"Von Himmel hoch, da komm' ich her, BWV 606",40000,0.00924,0.144,-30.853,0.55,82.285,4,"[0.09, 0.27, 0.49, 0.13, 0.32, 0.1, 0.52, 0.24, 0.12, 0.35, 0.08, 0.38]","[29.05, -92.72, 66.42, -1.86, 54.9, -37.43, 14.26, 7.21, 14.31, 6.53, -4.87, -9.35]",66.66666666666666,0.67,nei
"Jesu meine Freude Motet, BWV 227: So nun der Geist",85827,0.138,0.257,-20.891,0.184,100.859,3,"[0.24, 0.34, 0.28, 0.59, 0.24, 0.34, 0.29, 0.17, 0.2, 0.17, 0.35, 0.25]","[36.7, -31.33, 105.52, 14.96, 57.0, -24.19, -1.61, 3.0, -5.31, -2.13, -3.82, 4.14]",80.0,0.2,nei
"Aria mit 30 Veränderungen, BWV 988 ""Goldberg Variations"" - Arranged for String Trio by Dmitry Sitkovetsky: Var. 18 Canone alla Sesta a 1 Clav.",96000,0.076,0.426,-25.35,0.41,84.228,4,"[0.25, 0.19, 0.3, 0.17, 0.25, 0.11, 0.35, 0.4, 0.18, 0.43, 0.15, 0.24]","[30.07, 2.42, 53.73, -0.16, 21.11, -11.11, -13.89, -2.31, -15.83, -2.55, -6.99, 6.44]",80.0,0.6,nei
"Aria mit 30 Veränderungen, BWV 988 ""Goldberg Variations"" - Arranged for Harp by Catrin Finch: Var. 22 Alla breve a 1 Clav.",90707,0.297,0.548,-14.01,0.445,135.609,4,"[0.16, 0.19, 0.37, 0.1, 0.37, 0.09, 0.33, 0.46, 0.08, 0.33, 0.04, 0.3]","[41.34, -100.37, 2.83, 18.9, 37.64, -24.43, -22.88, -19.73, -3.65, 6.42, -8.94, 1.79]",75.0,0.8,nei
"Cello Suite No. 1 in G Major, BWV 1007: III. Courante",174747,0.0785,0.412,-23.668,0.653,99.847,3,"[0.26, 0.19, 0.32, 0.18, 0.36, 0.16, 0.35, 0.38, 0.12, 0.21, 0.07, 0.27]","[32.26, -72.29, 22.07, -3.48, 3.86, -8.0, -9.01, -2.35, -13.34, -1.95, -12.01, -8.65]",80.0,0.78,nei
"Cello Suite No. 1 in G Major, BWV 1007: V. Menuetts I & II",217973,0.0461,0.543,-23.747,0.44,120.848,4,"[0.22, 0.14, 0.32, 0.19, 0.29, 0.2, 0.3, 0.3, 0.08, 0.2, 0.12, 0.16]","[31.17, -76.92, 10.62, -6.33, 5.33, -2.25, -5.9, -1.36, -11.64, 2.71, -17.37, -10.3]",87.5,0.67,nei
"French Suite No.4 in E flat, BWV 815: 1. Allemande",116600,0.12,0.303,-27.915,0.591,86.955,4,"[0.33, 0.12, 0.28, 0.26, 0.09, 0.33, 0.08, 0.39, 0.31, 0.16, 0.32, 0.14]","[30.67, -137.65, 32.58, -0.77, 44.53, -32.17, -16.85, -0.29, -3.54, -3.5, -1.63, -0.1]",66.66666666666667,0.71,nei
"Suite for Cello Solo No.1 in G, BWV 1007 - Transcribed for Solo Guitar by Göran Söllscher: 6. Gigue",109067,0.245,0.463,-21.386,0.769,122.59,4,"[0.29, 0.09, 0.22, 0.3, 0.07, 0.28, 0.08, 0.23, 0.21, 0.23, 0.54, 0.09]","[34.71, -63.52, -23.05, 13.09, 20.01, -28.73, -17.62, -18.23, 7.42, 2.61, -12.75, 9.32]",75.0,0.86,nei
"Sonata for Flute or Violin No.4 in C, BWV 1033: 4. Menuet I - II",156507,0.101,0.478,-21.895,0.569,129.915,3,"[0.47, 0.24, 0.33, 0.15, 0.3, 0.29, 0.18, 0.45, 0.19, 0.27, 0.09, 0.22]","[33.95, -97.11, 37.61, 3.62, 23.14, -7.97, -0.18, 0.1, -3.15, -4.94, -10.58, -10.06]",85.71428571428571,0.62,nei
