id,name,range,rating,id_copy,energy,danceability,loudness,valence,tempo,mode,speechiness,acousticness,instrumentalness,duration_ms,time_signature
7L5IwfKB6W0tadcSh9wlyH,Ouverture,short_term,5.393939393939394,7L5IwfKB6W0tadcSh9wlyH,0.336,0.496,-19.44,0.185,129.006,1,0.0513,0.955,0.912,322173,4
0tAZi3X7dUdd7m8OXB8pMA,Shadow,short_term,5.2727272727272725,0tAZi3X7dUdd7m8OXB8pMA,0.275,0.0832,-15.256,0.0334,170.316,0,0.0347,0.887,0.853,558267,1
1XMDIKQbV30WJPKLMN6MKv,INSTRUCTION,short_term,4.96969696969697,1XMDIKQbV30WJPKLMN6MKv,0.355,0.491,-12.48,0.0369,145.405,1,0.0354,0.382,0.887,262733,4
1XZdwzd8DTDvkjVc0eJ9BI,Wildlife Analysis,short_term,4.909090909090909,1XZdwzd8DTDvkjVc0eJ9BI,0.0204,0.155,-31.212,0.278,79.755,0,0.0462,0.995,0.936,75627,4
1f4cKwcKfNiLbQr8x2tZ3C,Melt!,short_term,4.848484848484849,1f4cKwcKfNiLbQr8x2tZ3C,0.919,0.785,-13.059,0.443,131.037,1,0.0552,0.00772,0.916,214307,4
2278Bt6LM1PRIrHdJAwRII,Bird,short_term,4.727272727272728,2278Bt6LM1PRIrHdJAwRII,0.433,0.663,-13.287,0.275,109.999,1,0.0372,0.24,0.875,315266,4
3KPBhpMXdynTzcSev5Q5Wd,Pêcheuse de Lune,short_term,4.484848484848484,3KPBhpMXdynTzcSev5Q5Wd,0.64,0.316,-6.604,0.355,123.79,1,0.041,0.00366,8.8e-06,215049,4
5qVMK9Kolb5pmTsQ3Vd6nF,IDGAF,short_term,4.242424242424242,5qVMK9Kolb5pmTsQ3Vd6nF,0.943,0.371,-3.436,0.537,83.047,1,0.081,0.000104,0.0,165431,4
5wmBPrUdXE8GygO3qyGUbE,Spring Ritournelle - Catch Yourself Falling Demo,short_term,4.181818181818182,5wmBPrUdXE8GygO3qyGUbE,0.697,0.519,-11.884,0.893,148.054,1,0.0314,0.439,0.77,195400,4
03nI9nWuShqmWPhXRngQsy,Teach Them How To Bleed,short_term,4.121212121212121,03nI9nWuShqmWPhXRngQsy,0.995,0.4,-5.024,0.0386,123.987,1,0.142,0.00184,0.905,192973,4
05xCJ6BYn3V55oX5xji5kz,Cold Front,short_term,4.0606060606060606,05xCJ6BYn3V55oX5xji5kz,0.555,0.608,-11.145,0.195,139.859,1,0.0359,0.344,0.689,192227,4
1uX5AUX69UtVhxbFI6H1Ql,Cheap And Cheerful - Sebastian remix,short_term,3.939393939393939,1uX5AUX69UtVhxbFI6H1Ql,0.781,0.586,-5.877,0.265,128.972,1,0.252,0.00375,3.41e-05,356400,4
2tosp3JAI9RxoiJmk6lDQB,Agoraphobia,short_term,3.878787878787879,2tosp3JAI9RxoiJmk6lDQB,0.268,0.62,-22.273,0.145,133.011,0,0.0386,0.993,0.923,234827,4
2uP6FN38qFGP5TrjEEyVbW,Function Music,short_term,3.8181818181818175,2uP6FN38qFGP5TrjEEyVbW,0.154,0.587,-15.71,0.0285,126.048,0,0.0318,0.956,0.86,302000,4
2yPPWQwZOtmgW716VrtFwN,21st Century Schizoid Man,short_term,3.757575757575757,2yPPWQwZOtmgW716VrtFwN,0.97,0.0986,-3.373,0.0372,79.753,1,0.215,0.000312,0.763,521424,4
3hJ6I6Xr9cWiw5I2MPMDr6,Catch Yourself Falling (feat. Alexis Taylor),short_term,3.696969696969697,3hJ6I6Xr9cWiw5I2MPMDr6,0.775,0.707,-9.495,0.886,148.012,1,0.029,0.304,0.102,250200,4
42inyu6e9EOPzc5taK3H2G,Bena bena,short_term,3.636363636363636,42inyu6e9EOPzc5taK3H2G,0.901,0.61,-7.582,0.968,165.051,1,0.0353,0.57,0.0274,294627,3
4cDJQmGTwOvujaQ4VwxMnp,The Border,short_term,3.515151515151515,4cDJQmGTwOvujaQ4VwxMnp,0.522,0.621,-11.769,0.364,105.005,1,0.0375,0.169,0.765,289507,4
5ypdfroOYzJ8OCFTdAxmE4,Back to Your Heart (feat. Kate NV),short_term,3.393939393939394,5ypdfroOYzJ8OCFTdAxmE4,0.382,0.688,-9.796,0.724,115.466,0,0.029,0.328,0.0785,286867,3
61ETUvhjw9Ama7Q9F4FFPe,The Madness and the Damage Done,short_term,3.333333333333333,61ETUvhjw9Ama7Q9F4FFPe,0.993,0.238,-2.293,0.0692,177.028,1,0.142,8.3e-05,0.462,320440,4
6GnwaKutVHDoDwJCJf0h4m,Concrete and Glass,short_term,3.212121212121212,6GnwaKutVHDoDwJCJf0h4m,0.423,0.802,-13.0,0.971,120.013,1,0.0943,0.709,0.869,252427,4
7i7fHvZz7dx1JIuYiQFn1L,Dancing By Night,short_term,3.1515151515151514,7i7fHvZz7dx1JIuYiQFn1L,0.483,0.59,-6.775,0.0387,90.103,1,0.0314,0.077,0.0105,220540,4
5xJDI5YYHk6dFexvSVonw2,Unfold,short_term,2.909090909090909,5xJDI5YYHk6dFexvSVonw2,0.802,0.594,-6.084,0.759,107.861,1,0.0332,0.00329,0.0454,90127,4
02ppMPbg1OtEdHgoPqoqju,Reckoner,short_term,2.8484848484848486,02ppMPbg1OtEdHgoPqoqju,0.656,0.523,-7.441,0.214,104.271,0,0.0262,0.511,0.16,290213,4
03XCbuNqYCaPhoQQxTTZoz,Movement 5,short_term,2.727272727272727,03XCbuNqYCaPhoQQxTTZoz,0.836,0.711,-10.066,0.828,102.995,1,0.0435,0.787,0.832,281933,4
0YJ9FWWHn9EfnN0lHwbzvV,Jigsaw Falling Into Place,short_term,2.6666666666666665,0YJ9FWWHn9EfnN0lHwbzvV,0.832,0.462,-6.085,0.807,165.653,0,0.0479,0.108,0.00416,248893,4
0rkUalLPi1bcCId3UWuure,Time On My Hands (feat. Kirin J Callinan),short_term,2.606060606060606,0rkUalLPi1bcCId3UWuure,0.457,0.705,-11.278,0.163,109.989,1,0.0303,0.792,0.864,268040,4
0sgzC3F93Dh76Yfj5gNUkT,The Color Of The Fire,short_term,2.5454545454545454,0sgzC3F93Dh76Yfj5gNUkT,0.093,0.253,-25.475,0.0609,79.582,1,0.0322,0.967,0.617,105627,4
1Xijd6plP4qvI8XtJwBLIP,"Turn Right, Turn Left",short_term,2.484848484848485,1Xijd6plP4qvI8XtJwBLIP,0.486,0.526,-12.025,0.109,111.424,1,0.0294,0.285,0.805,234907,4
1ZyfAtLlLn1ydIB8REV2OY,What Makes Me Think About You,short_term,2.4242424242424243,1ZyfAtLlLn1ydIB8REV2OY,0.696,0.524,-9.102,0.384,168.994,1,0.0438,0.456,0.687,251827,4
3FJ4suZo6FuW0xmARmE0R4,Kaini Industries,short_term,2.1818181818181817,3FJ4suZo6FuW0xmARmE0R4,0.0189,0.343,-30.354,0.719,77.118,1,0.0359,0.99,0.924,59293,4
3JhOqm1Qc6HntAZP8Mz1uo,From Pink They Fell Into Blue,short_term,2.121212121212121,3JhOqm1Qc6HntAZP8Mz1uo,0.68,0.601,-7.774,0.267,106.671,1,0.0637,0.456,4.34e-05,227834,4
3Nyhz7qoHbzNhfvbicO02D,Girl Like Sally (feat. Kirin J Callinan),short_term,2.060606060606061,3Nyhz7qoHbzNhfvbicO02D,0.691,0.74,-8.557,0.627,109.875,1,0.026,0.433,0.014,313680,4
3xWSvA1I12TzogevV5HE4M,Pieces of Sound,short_term,1.9393939393939397,3xWSvA1I12TzogevV5HE4M,0.936,0.495,-7.337,0.808,99.958,0,0.0641,0.54,0.656,41307,4
42yyhfzkfJIjNHSy1deT0A,Love Theme (feat. Kadhja Bonet),short_term,1.878787878787879,42yyhfzkfJIjNHSy1deT0A,0.499,0.583,-10.617,0.354,160.024,0,0.0341,0.644,0.455,326427,4
48X4D1FYOShPz2VF3YdfCF,House Of Cards,short_term,1.8181818181818183,48X4D1FYOShPz2VF3YdfCF,0.499,0.708,-9.644,0.628,111.652,1,0.0297,0.269,0.57,328293,4
4i2F35b5tamKhvMsf0wuuL,Live to Win,short_term,1.6969696969696972,4i2F35b5tamKhvMsf0wuuL,0.949,0.224,-5.137,0.559,204.75,1,0.0674,0.00636,0.0321,216053,4
4pWIwnnqx8k01fuF95UMIg,Bodysnatchers,short_term,1.636363636363637,4pWIwnnqx8k01fuF95UMIg,0.976,0.342,-4.986,0.733,166.663,1,0.0573,0.00443,0.0175,242293,4
4sTXJ6PF8UCycBMlDtB6n6,Ocean Road,short_term,1.5757575757575752,4sTXJ6PF8UCycBMlDtB6n6,0.91,0.452,-4.12,0.464,104.61,0,0.0624,0.0177,0.931,160565,3
4wajJ1o7jWIg62YqpkHC7S,Weird Fishes/ Arpeggi,short_term,1.5151515151515147,4wajJ1o7jWIg62YqpkHC7S,0.61,0.531,-8.025,0.199,152.958,0,0.0387,0.772,0.756,318187,4
50fkJxrv0ZLTt9EHZGBOP7,Canon x Love S.O.S. (WWW),short_term,1.454545454545454,50fkJxrv0ZLTt9EHZGBOP7,0.921,0.555,-7.058,0.217,116.998,0,0.0996,0.0124,0.00131,287253,4
5fdJ9yD4BMXogf3183BXd3,Papillons,short_term,1.3939393939393936,5fdJ9yD4BMXogf3183BXd3,0.057,0.203,-23.709,0.0369,86.963,0,0.0372,0.775,0.906,174000,1
6DwgovwzeHZa2Ka0xuoDlT,Cité radieuse,short_term,1.2727272727272725,6DwgovwzeHZa2Ka0xuoDlT,0.403,0.747,-13.643,0.227,172.539,1,0.078,0.984,0.906,247240,3
6t5LvKZevNXyHXhROrMR9t,Fat Old Sun,short_term,1.1515151515151514,6t5LvKZevNXyHXhROrMR9t,0.274,0.174,-15.234,0.0334,119.803,0,0.0428,0.985,0.909,279512,4
7AfbtT8GN1iv3Crb11NaVI,Telephasic Workshop,short_term,1.0909090909090908,7AfbtT8GN1iv3Crb11NaVI,0.83,0.772,-14.395,0.579,100.055,1,0.139,0.0175,0.843,395480,4
7keJ7uDxNNp2RFx91ZgWpc,Bocuma,short_term,1.0303030303030305,7keJ7uDxNNp2RFx91ZgWpc,0.103,0.267,-24.083,0.324,125.593,0,0.047,0.992,0.932,95973,5
7sAzXuEwz0sOhnB57xoccs,An Eagle In Your Mind,short_term,0.9696969696969696,7sAzXuEwz0sOhnB57xoccs,0.467,0.825,-14.053,0.252,96.014,1,0.0752,0.371,0.847,385520,4
0ansk2O9qsXta073JyOKKD,Kounkoun,short_term,0.7878787878787881,0ansk2O9qsXta073JyOKKD,0.724,0.653,-7.759,0.896,95.042,0,0.0373,0.377,0.000111,286187,4
0uEBBlkHjdxSUty2ANx8SZ,Norfolk Hotel,short_term,0.7272727272727275,0uEBBlkHjdxSUty2ANx8SZ,0.76,0.441,-6.618,0.508,112.52,1,0.0569,0.422,0.0522,274177,4
15irEKZ9D6FQqLoZ1qJ1Cx,Faust Arp,short_term,0.6666666666666661,15irEKZ9D6FQqLoZ1qJ1Cx,0.288,0.337,-13.477,0.225,105.036,0,0.0321,0.84,0.199,129680,4
1GXHYRKZnCxmuJQ4eesNI6,The Cure,short_term,0.6060606060606055,1GXHYRKZnCxmuJQ4eesNI6,0.672,0.207,-6.27,0.348,124.695,1,0.0544,0.0522,1.95e-05,223234,4
1xkYnVp4lmP9r1W1DVd6Pd,Infinite End,short_term,0.4848484848484844,1xkYnVp4lmP9r1W1DVd6Pd,0.361,0.665,-12.816,0.431,122.017,0,0.0429,0.911,0.948,361000,4
1zPRp8SGQu5nATv2Telw2D,Sex Music,short_term,0.4242424242424238,1zPRp8SGQu5nATv2Telw2D,0.622,0.783,-10.373,0.673,94.173,1,0.0432,0.529,0.841,230634,4
2A6YNzhnvSgaqkJzDjtVyf,Sixtyten,short_term,0.3636363636363633,2A6YNzhnvSgaqkJzDjtVyf,0.725,0.754,-14.688,0.657,109.579,1,0.0636,0.0204,0.805,348347,4
2CcYI8KxDgOiOaM7axIP3h,Fadjamou,short_term,0.3030303030303027,2CcYI8KxDgOiOaM7axIP3h,0.967,0.444,-5.332,0.926,132.851,0,0.0839,0.168,4.7e-05,275867,4
2TdpGmTV28dk9XPJhHq1h1,Yere faga,short_term,0.1212121212121211,2TdpGmTV28dk9XPJhHq1h1,0.728,0.738,-6.949,0.547,104.989,1,0.0392,0.393,0.000199,311267,4
2egYFLjRGuzt8lYM1Yznz2,"Schwanengesang, D. 957: IV. Ständchen",short_term,0.0606060606060605,2egYFLjRGuzt8lYM1Yznz2,0.024,0.304,-26.397,0.0464,124.366,1,0.0407,0.985,1.07e-05,254560,4
35YyxFpE0ZTOoqFx5bADW8,Nude,short_term,0.0,35YyxFpE0ZTOoqFx5bADW8,0.342,0.516,-9.785,0.167,128.378,1,0.0342,0.832,0.579,255387,3
1wQL1hqKJNlOZr5vVgIytr,Bennington (2007),medium_term,7.636363636363637,1wQL1hqKJNlOZr5vVgIytr,0.379,0.709,-9.953,0.786,134.952,0,0.0322,0.00145,0.639,193013,4
4L9UGREMQBfYLmGwlACgTV,Moskau,medium_term,7.575757575757576,4L9UGREMQBfYLmGwlACgTV,0.963,0.493,-3.41,0.305,147.992,1,0.0638,2.25e-05,0.667,256307,4
6q0vpZDGYCpYd3DDTfjSFX,Now Summer Is Gone,medium_term,7.515151515151516,6q0vpZDGYCpYd3DDTfjSFX,0.259,0.062,-10.525,0.133,211.879,1,0.0339,0.514,0.883,228358,4
0clHX7YnFCB2prSGUKIXOs,Badi Sabah Olmadan,medium_term,7.454545454545455,0clHX7YnFCB2prSGUKIXOs,0.671,0.413,-9.256,0.417,172.052,1,0.0346,0.00217,0.375,283399,4
1rHlc3clkZmCryFhGoRRXB,The Community Of Hope,medium_term,7.393939393939394,1rHlc3clkZmCryFhGoRRXB,0.879,0.61,-7.908,0.634,132.913,1,0.0444,0.63,0.0,143573,4
2MC5MLUdhrVUWGHUFHvaLF,Wollt ihr das Bett in Flammen sehen,medium_term,7.333333333333333,2MC5MLUdhrVUWGHUFHvaLF,0.766,0.673,-7.342,0.641,129.928,1,0.0394,2.37e-05,0.673,315851,4
0BuiYLxZ8w3abLHgcIVXjJ,The Voice Is Calling Us,medium_term,7.272727272727272,0BuiYLxZ8w3abLHgcIVXjJ,0.443,0.31,-10.024,0.0396,160.079,0,0.032,0.547,0.977,204977,4
3gIBSlXYIN1mru35l4LWPB,Still Crazy After All These Years,medium_term,7.151515151515151,3gIBSlXYIN1mru35l4LWPB,0.252,0.267,-11.687,0.13,37.114,1,0.0351,0.8,4.43e-05,206533,4
032flQPlMVQiDQ2mM8PJT2,Automaton,medium_term,7.090909090909091,032flQPlMVQiDQ2mM8PJT2,0.828,0.622,-7.172,0.943,145.001,1,0.0331,0.00723,0.172,312268,4
3h8x8UE8mgOCkorEsAMRFR,Get Innocuous! - Soulwax Remix,medium_term,7.03030303030303,3h8x8UE8mgOCkorEsAMRFR,0.997,0.667,-5.832,0.693,118.0,1,0.0457,0.0748,0.738,601240,4
0UKz1qLNjzU1tOJ8Gympzq,(The Death of Ruby),medium_term,6.96969696969697,0UKz1qLNjzU1tOJ8Gympzq,0.434,0.666,-15.74,0.065,91.997,1,0.0662,0.279,0.396,101739,4
6wOmGciNCGwEO1C79Yvlml,Sonatina,medium_term,6.909090909090909,6wOmGciNCGwEO1C79Yvlml,0.249,0.426,-12.062,0.174,77.781,1,0.0286,0.755,0.735,210733,4
5Vsx7c7vcVmQLu2Acg6AUP,Skyscraper,medium_term,6.787878787878788,5Vsx7c7vcVmQLu2Acg6AUP,0.596,0.565,-7.028,0.851,103.009,0,0.026,0.000161,0.000548,237785,4
7cfH4PBHP8bNKpfmIrXgLD,"The Original Theme from ""Blade"" - 2016 Remaster",medium_term,6.727272727272728,7cfH4PBHP8bNKpfmIrXgLD,0.998,0.561,-3.669,0.484,136.206,0,0.0797,0.42,0.173,623013,4
5QO3UJc1gF1ummP75n2b3R,Goca Dünya,medium_term,6.666666666666666,5QO3UJc1gF1ummP75n2b3R,0.683,0.738,-5.099,0.802,97.484,0,0.0622,0.0485,0.000728,240093,4
0fsRZR40GASck3rxMJerWT,Surface Pan,medium_term,6.6060606060606055,0fsRZR40GASck3rxMJerWT,0.0955,0.533,-27.462,0.184,94.962,0,0.0427,0.963,0.944,311250,3
0mQpx1PTcA2v4CqYlWPhFj,Estranged From Itself,medium_term,6.545454545454545,0mQpx1PTcA2v4CqYlWPhFj,0.535,0.161,-8.819,0.135,101.967,1,0.0307,0.00468,0.0209,287426,4
0yevg3L0wpe3cJTWrMkTRX,Doves Dance,medium_term,6.484848484848484,0yevg3L0wpe3cJTWrMkTRX,0.174,0.56,-21.558,0.158,101.95,0,0.0331,0.865,0.891,535040,4
2Rr22UFL2JTTTflT2iD14Z,Edo,medium_term,6.424242424242424,2Rr22UFL2JTTTflT2iD14Z,0.0437,0.13,-25.968,0.0373,80.169,0,0.0544,0.842,0.852,292000,4
7wXJyWtRktzx7shORVNX5B,Strange Overtones,medium_term,6.363636363636363,7wXJyWtRktzx7shORVNX5B,0.838,0.694,-6.942,0.809,109.976,1,0.0465,0.271,0.00326,256493,4
0IuE6FnXPCdZ8NLuuvJRhb,On Track,medium_term,6.242424242424242,0IuE6FnXPCdZ8NLuuvJRhb,0.648,0.388,-5.578,0.112,163.861,1,0.038,0.116,4.19e-06,301787,4
5hZhO6GpnkWQs9ZlI3bQQ2,Death In The Family,medium_term,6.181818181818182,5hZhO6GpnkWQs9ZlI3bQQ2,0.427,0.478,-9.023,0.21,77.944,1,0.025,0.865,0.00131,163209,3
02qdK5VnAz2LkREkpbxekf,This Is Not,medium_term,6.121212121212121,02qdK5VnAz2LkREkpbxekf,0.633,0.635,-6.92,0.795,131.785,1,0.0281,0.0449,7.89e-05,290160,4
2Y0iGXY6m6immVb2ktbseM,Little Dark Age,medium_term,6.0606060606060606,2Y0iGXY6m6immVb2ktbseM,0.712,0.705,-6.156,0.62,97.512,1,0.0385,0.0102,0.000855,299960,4
5vZ4IeUenK2cHub2d7yfWk,Radio,medium_term,5.9393939393939394,5vZ4IeUenK2cHub2d7yfWk,0.894,0.652,-5.145,0.76,132.03,0,0.0409,0.00404,0.00381,277397,4
1Sde10QOuzSGWRWdnZ5ONc,The Fear (2003),medium_term,5.878787878787879,1Sde10QOuzSGWRWdnZ5ONc,0.981,0.476,-6.687,0.21,104.404,0,0.0672,0.13,0.701,166387,4
2lWufuX8T9rr8zSQj9m9Ft,Thunder & Lightning,medium_term,5.818181818181818,2lWufuX8T9rr8zSQj9m9Ft,0.995,0.343,-3.79,0.0382,134.928,1,0.155,0.00233,0.136,186013,4
4TOMI010Sd4ZAX4aZ5TS85,Perfect Day,medium_term,5.757575757575758,4TOMI010Sd4ZAX4aZ5TS85,0.267,0.4,-12.488,0.0872,144.799,1,0.0323,0.744,0.00734,225000,3
5Jux7nevG4VaJNfI6jKoka,Matador,medium_term,5.696969696969697,5Jux7nevG4VaJNfI6jKoka,0.836,0.462,-4.512,0.565,146.944,0,0.0365,0.00172,0.0186,199360,4
6Qb7gtV6Q4MnUjSbkFcopl,50 Ways to Leave Your Lover,medium_term,5.636363636363637,6Qb7gtV6Q4MnUjSbkFcopl,0.372,0.815,-12.814,0.293,101.684,1,0.0752,0.166,0.000116,217347,4
6SmXMbewOprbmUEWNxXH61,There Is No Need To Fear The End,medium_term,5.575757575757576,6SmXMbewOprbmUEWNxXH61,0.367,0.272,-11.993,0.0705,107.726,1,0.037,0.0226,0.517,337024,5
4uNHhyYgUJT6e4s5zpNypt,Estranged From Itself,medium_term,5.454545454545455,4uNHhyYgUJT6e4s5zpNypt,0.534,0.161,-8.821,0.13,102.018,1,0.0304,0.00463,0.0226,287426,4
1UYj8qTWjneZJDVjUMwMub,The Moment,medium_term,5.3939393939393945,1UYj8qTWjneZJDVjUMwMub,0.827,0.547,-6.036,0.451,119.089,1,0.0468,0.000296,0.101,255413,4
2KBHg10JyF2MMjg3l0CFoY,It's Only A Band,medium_term,5.333333333333333,2KBHg10JyF2MMjg3l0CFoY,0.798,0.494,-7.142,0.763,149.98,0,0.0333,0.0185,0.0,211236,4
3I7OmVsk4Hm5LBbs2GmhlD,Reality In Motion,medium_term,5.2727272727272725,3I7OmVsk4Hm5LBbs2GmhlD,0.915,0.536,-4.993,0.472,115.037,1,0.0581,0.154,0.000788,252027,4
4Qzwf6gvIwVEq1z3nLgaTy,The Dawns Here Are Quiet,medium_term,5.212121212121212,4Qzwf6gvIwVEq1z3nLgaTy,0.386,0.146,-11.001,0.156,95.998,0,0.0362,0.211,0.79,287924,4
4j4DlIxdxYM6dADdVkn1QP,Too Much Money,medium_term,5.090909090909091,4j4DlIxdxYM6dADdVkn1QP,0.623,0.515,-6.484,0.234,180.044,1,0.0267,0.00129,0.371,136440,4
51PL1ACfxtpfHtkm7XprSc,It's Only Money,medium_term,4.96969696969697,51PL1ACfxtpfHtkm7XprSc,0.665,0.646,-14.221,0.718,163.738,0,0.219,0.0562,0.00624,167827,4
7qU7vhCPKhkDiJYGoboISc,Apocalypse Dreams,medium_term,4.848484848484849,7qU7vhCPKhkDiJYGoboISc,0.929,0.496,-2.279,0.267,127.998,1,0.0503,0.249,0.131,356947,4
5sd11hcjO90FHHxYVNkQFY,California 1986,medium_term,4.787878787878787,5sd11hcjO90FHHxYVNkQFY,0.576,0.355,-12.668,0.162,165.977,1,0.0416,0.0868,0.954,182493,4
4XitfDhOTxlO0OEJuquNUa,Rakıya Su Katamam,medium_term,4.727272727272727,4XitfDhOTxlO0OEJuquNUa,0.837,0.472,-8.617,0.812,87.785,1,0.0647,0.0514,0.0288,220143,4
0DiWol3AO6WpXZgp0goxAV,One More Time,medium_term,4.666666666666666,0DiWol3AO6WpXZgp0goxAV,0.697,0.613,-8.618,0.476,122.746,1,0.133,0.0194,0.0,320357,4
1zlUQHKfgo8gMFvegX4S6s,At Sea,medium_term,4.6060606060606055,1zlUQHKfgo8gMFvegX4S6s,0.593,0.509,-9.933,0.156,183.97,1,0.0449,0.472,0.906,216548,4
3ZmQ6V3YR9aWnFFe1wJeHa,Outer Space,medium_term,4.545454545454545,3ZmQ6V3YR9aWnFFe1wJeHa,0.707,0.483,-8.198,0.582,159.956,0,0.0297,0.000221,0.321,225966,4
3zsRUTrHvbJB8kU5KUBYgV,Eliasong,medium_term,4.484848484848484,3zsRUTrHvbJB8kU5KUBYgV,0.181,0.211,-16.895,0.164,79.827,0,0.0322,0.92,0.891,204800,4
4M79cLY4GkP14mwuytdzHj,Dern Kala - Live at RBC Echo Beach,medium_term,4.424242424242424,4M79cLY4GkP14mwuytdzHj,0.92,0.498,-7.85,0.616,94.151,1,0.0429,0.000389,0.83,214173,4
5uDdyVU0jDST7xmuOqpnC3,Retina Show - Unreleased Demo,medium_term,4.363636363636363,5uDdyVU0jDST7xmuOqpnC3,0.807,0.571,-6.584,0.388,104.973,1,0.06,0.187,0.00148,322307,4
7EUEl5wJb8VI777UAUvRnH,Brain Damage - 2011 Remastered Version,medium_term,4.303030303030303,7EUEl5wJb8VI777UAUvRnH,0.179,0.319,-17.635,0.259,133.708,1,0.0315,0.0634,0.181,225827,4
1usvtV2D0EBPb7Rk1l0PwQ,The Smoke,medium_term,4.242424242424242,1usvtV2D0EBPb7Rk1l0PwQ,0.636,0.705,-12.483,0.74,93.392,0,0.037,0.724,0.777,219727,4
76xj15f8LzACqP5f1bs9SG,Hode,medium_term,4.121212121212121,76xj15f8LzACqP5f1bs9SG,0.304,0.654,-18.558,0.253,150.007,0,0.0374,0.975,0.965,181787,4
1drLQNS9D5z9lBP4DbtO2R,Saturday Sun,medium_term,4.0606060606060606,1drLQNS9D5z9lBP4DbtO2R,0.121,0.546,-20.259,0.144,127.122,1,0.0343,0.966,0.011,245013,3
1usL7pG5XVHub0QIoJ1Lrt,Last of the Loving,medium_term,4.0,1usL7pG5XVHub0QIoJ1Lrt,0.649,0.737,-8.073,0.514,122.932,1,0.0371,0.685,0.0112,172163,4
2TBRfDnfwsOIaGxkkXFBN2,Metal Militia - Remastered,medium_term,3.939393939393939,2TBRfDnfwsOIaGxkkXFBN2,0.957,0.166,-5.323,0.235,175.828,1,0.142,8.66e-05,0.00724,311467,4
3EEzQDCP8jRl2pEt9eDKMO,I Follow You,medium_term,3.878787878787879,3EEzQDCP8jRl2pEt9eDKMO,0.78,0.41,-4.941,0.727,100.452,0,0.0327,0.0174,0.408,215587,4
3boC2M1D82RuRJhUOkSHtg,Answering Machine,medium_term,3.757575757575758,3boC2M1D82RuRJhUOkSHtg,0.27,0.582,-16.129,0.0398,119.923,1,0.0336,0.829,0.864,309000,4
3qOVqTjkuX5F0iJNdeyOyR,"O Welt, sieh' hier dein Leben, BWV 395",medium_term,3.696969696969697,3qOVqTjkuX5F0iJNdeyOyR,0.155,0.139,-19.161,0.206,77.053,1,0.0428,0.99,0.000637,49520,1
3zMvotMEQK3xvH01vA9wAP,Too Long,medium_term,3.5757575757575752,3zMvotMEQK3xvH01vA9wAP,0.582,0.692,-10.164,0.513,127.017,0,0.301,0.00211,0.0,600293,4
5L1GLFsOTrC9mDjvk4TzeM,Deadcruiser,medium_term,3.5151515151515147,5L1GLFsOTrC9mDjvk4TzeM,0.699,0.517,-6.929,0.407,176.034,1,0.0507,0.00108,0.837,213200,4
5P54gaORO9yFiQ6PO28v6T,Düsseldorf,medium_term,3.454545454545454,5P54gaORO9yFiQ6PO28v6T,0.128,0.196,-23.197,0.0364,124.011,0,0.0396,0.879,0.682,278000,4
5lcqXXSHHdEsugnaAYWOtC,Yüce Dağ Başında,medium_term,3.3939393939393936,5lcqXXSHHdEsugnaAYWOtC,0.569,0.823,-9.301,0.831,111.974,0,0.0498,0.0571,0.00242,258316,4
6bnmRsdxYacqLSlS36EJT6,Rich Woman,medium_term,3.333333333333333,6bnmRsdxYacqLSlS36EJT6,0.518,0.733,-9.889,0.652,127.646,0,0.0496,0.181,0.763,243480,4
78F8VyxSsuZZwVFHrkKMMl,One Time Villain,medium_term,3.2727272727272725,78F8VyxSsuZZwVFHrkKMMl,0.648,0.391,-10.422,0.455,103.836,1,0.029,0.0448,0.813,191512,4
7kzZwlkzIjVTgH9gbzsqe4,Night Game,medium_term,3.212121212121212,7kzZwlkzIjVTgH9gbzsqe4,0.0408,0.478,-22.193,0.158,108.029,1,0.0343,0.959,0.0326,177640,1
0RAXoT7hwOoqAXI95ryxT5,RYDEEN,medium_term,3.1515151515151514,0RAXoT7hwOoqAXI95ryxT5,0.855,0.554,-6.506,0.895,142.77,0,0.0368,8.19e-05,0.807,266360,4
3GO6bT0b1sdInk1KPCK64d,Cómo Me Quieres,medium_term,3.090909090909091,3GO6bT0b1sdInk1KPCK64d,0.536,0.55,-10.045,0.539,85.458,1,0.0423,0.00612,0.884,225154,4
3k4qL0KJ2AJu6uJQIEJFwG,My Sight Now Blurs,medium_term,3.0303030303030303,3k4qL0KJ2AJu6uJQIEJFwG,0.507,0.391,-11.359,0.145,93.874,0,0.0346,0.294,0.709,383062,4
6e2lpz6DZ2T8Sofc3Myntn,Electrocution,medium_term,2.9696969696969697,6e2lpz6DZ2T8Sofc3Myntn,0.725,0.722,-6.576,0.197,114.076,0,0.0413,0.145,0.19,150147,4
39RKlCfLoqb8o2aXfpVfjW,Mein Teil,medium_term,2.909090909090909,39RKlCfLoqb8o2aXfpVfjW,0.959,0.47,-4.338,0.199,88.0,1,0.075,0.00535,0.0101,272413,4
08tMAd1ZawFgKaOZRJ3SHq,Andiamo,medium_term,2.787878787878788,08tMAd1ZawFgKaOZRJ3SHq,0.803,0.825,-8.624,0.461,110.006,1,0.109,0.00424,0.85,608363,4
0HQutwU8PQkE83Uy0ZA0Qc,The Foundation (feat. Cola Boyy),medium_term,2.7272727272727275,0HQutwU8PQkE83Uy0ZA0Qc,0.609,0.779,-10.101,0.832,140.018,0,0.0367,0.432,0.0994,329920,4
0YkXS08XWec5QzrGaxgnrr,Highway,medium_term,2.666666666666666,0YkXS08XWec5QzrGaxgnrr,0.669,0.766,-8.183,0.689,129.984,1,0.0479,0.0711,0.813,227387,4
15f16lrsDzFeNpHYBTzHLI,Sex,medium_term,2.606060606060605,15f16lrsDzFeNpHYBTzHLI,0.93,0.608,-3.97,0.432,123.018,1,0.0604,0.000561,0.00175,236529,4
1IAt7Kf1VVikc2VspMTKrl,Doktor Civanım,medium_term,2.545454545454545,1IAt7Kf1VVikc2VspMTKrl,0.718,0.685,-10.227,0.871,127.996,1,0.0381,0.00252,0.381,235746,4
1IbmFWmIEZJVefbwox883w,"Sonata in E-Flat, BWV 1031: Siciliana",medium_term,2.4848484848484844,1IbmFWmIEZJVefbwox883w,0.0313,0.304,-25.56,0.33,103.913,0,0.0498,0.977,0.186,130240,3
1RcKa3TDe9zGeb33BwqYGU,Lady and Man,medium_term,2.424242424242424,1RcKa3TDe9zGeb33BwqYGU,0.691,0.728,-7.948,0.905,82.204,1,0.0583,0.000716,0.826,258044,4
1TyFCZXBjkGWdwkGI077eK,Middle Ages,medium_term,2.3636363636363638,1TyFCZXBjkGWdwkGI077eK,0.642,0.53,-10.687,0.274,129.997,1,0.0355,0.0262,0.843,162241,4
1v0ufp7FLTFcykUGOmFZKa,Daffodils (feat. Kevin Parker),medium_term,2.3030303030303028,1v0ufp7FLTFcykUGOmFZKa,0.538,0.724,-8.041,0.282,108.945,1,0.0381,0.0408,0.0139,298133,4
39REtYE2JZXm9Bmo8JJrrV,I Do It for Your Love,medium_term,2.1818181818181817,39REtYE2JZXm9Bmo8JJrrV,0.349,0.483,-13.138,0.179,76.941,0,0.0317,0.832,0.00211,215200,4
3d3k8g4GTVx9EFIFlOZOEX,Zeig dich,medium_term,2.121212121212121,3d3k8g4GTVx9EFIFlOZOEX,0.942,0.545,-4.283,0.365,165.066,0,0.0417,0.00108,0.0246,255845,4
3lApcJC16V67JIJE7CCfth,Too Many People - 2012 Remaster,medium_term,2.060606060606061,3lApcJC16V67JIJE7CCfth,0.675,0.433,-8.986,0.54,95.052,1,0.0325,0.146,0.00251,250667,4
3obrfotpr4kLCKiOu2GZ4Q,My Little Town,medium_term,2.0,3obrfotpr4kLCKiOu2GZ4Q,0.535,0.665,-7.766,0.429,122.126,1,0.0308,0.468,0.00156,231947,4
2E638Wy85ULliAXTQEFET0,The Border,long_term,10.0,2E638Wy85ULliAXTQEFET0,0.522,0.623,-11.769,0.356,104.998,1,0.0372,0.168,0.765,289507,4
6ZHaA7gE78xjsJ9MZCBw8x,Awake,long_term,9.93939393939394,6ZHaA7gE78xjsJ9MZCBw8x,0.633,0.176,-8.904,0.122,90.807,1,0.037,0.0293,0.0141,323328,4
0uoHVRsDwVHtzYLMvRkxtC,Automatic,long_term,9.87878787878788,0uoHVRsDwVHtzYLMvRkxtC,0.305,0.827,-10.778,0.165,100.009,1,0.0455,0.0752,0.813,521153,4
2Ghp894n1laIf2w98VeAOJ,How Do I Make You Love Me?,long_term,9.818181818181818,2Ghp894n1laIf2w98VeAOJ,0.498,0.805,-7.927,0.636,121.006,0,0.0737,0.0203,2.37e-05,214215,4
6kWzCCAghrDeVFZSKgYVGL,"Mass in B Minor, BWV 232: Kyrie: Kyrie eleison (Chorus)",long_term,9.757575757575758,6kWzCCAghrDeVFZSKgYVGL,0.115,0.151,-20.178,0.0715,101.468,0,0.0398,0.978,0.662,639173,4
5gOGfvrnGJAMqwUW7aX47z,Ti I Ya (feat. Kate NV),long_term,9.696969696969695,5gOGfvrnGJAMqwUW7aX47z,0.503,0.78,-10.213,0.609,144.013,0,0.0427,0.601,0.779,201107,4
4iO9BCxZMLW1rkwUd4ui99,The Foundation,long_term,9.636363636363637,4iO9BCxZMLW1rkwUd4ui99,0.612,0.778,-10.106,0.835,140.021,0,0.0367,0.426,0.11,329920,4
3kK4TTZX9HHjwVPEtaTjmP,Wake Me Up - Gaspard Augé and Victor Le Masne Remix,long_term,9.575757575757576,3kK4TTZX9HHjwVPEtaTjmP,0.927,0.55,-5.472,0.438,120.022,0,0.0542,0.00238,0.0212,230244,4
1nH2PkJL1XoUq8oE6tBZoU,Sacrifice,long_term,9.515151515151516,1nH2PkJL1XoUq8oE6tBZoU,0.795,0.735,-6.523,0.905,122.0,0,0.113,0.0296,3.18e-05,188918,4
0yUvqiD4ghjvfj3HVTZvlI,"Wenn wir in höchsten Nöten sein, BWV 641",long_term,9.454545454545457,0yUvqiD4ghjvfj3HVTZvlI,0.297,0.0681,-15.934,0.0667,67.497,1,0.042,0.884,0.81,143160,4
5oY6OqGZYMENBeP3qNVsZI,To The Island - Tame Impala Remix,long_term,9.393939393939394,5oY6OqGZYMENBeP3qNVsZI,0.867,0.491,-6.478,0.531,175.241,0,0.0479,0.111,0.0135,253082,3
52D1GHTg22Gu3zmhbKyGyV,Back To Your Heart,long_term,9.333333333333334,52D1GHTg22Gu3zmhbKyGyV,0.385,0.689,-9.797,0.712,115.467,0,0.0291,0.315,0.0926,286867,3
1KjLbuPsJmYdZJt0CsyVAg,405 - Metronomy x Biig Piig,long_term,9.272727272727272,1KjLbuPsJmYdZJt0CsyVAg,0.455,0.725,-10.154,0.437,129.987,1,0.0313,0.227,0.0615,265506,4
3KT55R6l6uDCsMxPlm1SVo,Good Day Today,long_term,9.212121212121213,3KT55R6l6uDCsMxPlm1SVo,0.606,0.823,-7.633,0.513,136.286,0,0.0819,0.0553,0.613,279080,3
6cUhqXy7tB1nVbc1fqCnU5,ikke no å spare på,long_term,9.151515151515152,6cUhqXy7tB1nVbc1fqCnU5,0.647,0.34,-9.584,0.738,78.91,1,0.041,0.183,0.000115,248206,4
4P0Q5EfIdSPFhebNL8v7P8,Daddy's Groove,long_term,9.09090909090909,4P0Q5EfIdSPFhebNL8v7P8,0.422,0.7,-10.425,0.382,91.107,1,0.0465,0.898,0.835,192221,4
3sJQGz6WX2YIBaHsH3bRMq,Shadow,long_term,9.030303030303031,3sJQGz6WX2YIBaHsH3bRMq,0.539,0.591,-9.367,0.551,106.605,0,0.0266,0.012,0.588,224528,4
4IPnFWw8kNJ81R7qO3hq1L,Only My Honesty Matters,long_term,8.969696969696969,4IPnFWw8kNJ81R7qO3hq1L,0.338,0.971,-9.835,0.56,119.936,1,0.122,0.076,0.435,151053,4
0UtnpKaReKUg2GquaSxCyD,Money Trees,long_term,8.90909090909091,0UtnpKaReKUg2GquaSxCyD,0.531,0.716,-7.355,0.344,71.994,1,0.122,0.0703,0.0,386907,4
1swmf4hFMJYRNA8Rq9PVaW,Martha My Dear - Remastered 2009,long_term,8.848484848484848,1swmf4hFMJYRNA8Rq9PVaW,0.292,0.472,-11.591,0.824,177.624,1,0.0321,0.872,0.0007,148573,4
62prKsoAXdU3ZFT4eauTSb,La Oss Vandre I Lyset,long_term,8.787878787878787,62prKsoAXdU3ZFT4eauTSb,0.246,0.293,-7.079,0.123,113.395,1,0.0345,0.923,1.83e-06,197707,5
7jkVT8miWBcCovrkoVpMiP,Hey!,long_term,8.727272727272727,7jkVT8miWBcCovrkoVpMiP,0.855,0.547,-4.849,0.102,122.007,1,0.0469,7.76e-06,0.00626,254230,4
6RZmhpvukfyeSURhf4kZ0d,Is It True,long_term,8.666666666666666,6RZmhpvukfyeSURhf4kZ0d,0.664,0.731,-5.474,0.661,118.018,1,0.0302,0.00307,0.35,239267,4
1DXD0wVXXHwUYo9AXbcMMI,Pitch the Baby,long_term,8.606060606060606,1DXD0wVXXHwUYo9AXbcMMI,0.821,0.478,-6.729,0.975,178.131,0,0.0407,0.438,0.324,194080,4
3VIMS1p3sNifH0RQnmDf7s,Jumbo,long_term,8.545454545454545,3VIMS1p3sNifH0RQnmDf7s,0.596,0.63,-11.2,0.882,139.991,0,0.0379,0.206,0.771,417853,4
6X5zsgjDlssIkv0sVYZgx1,Tattoo,long_term,8.484848484848484,6X5zsgjDlssIkv0sVYZgx1,0.96,0.612,-4.547,0.302,141.042,1,0.091,0.00262,7.93e-05,251659,4
4PHoUATsLrJp0wCmokcqF2,Another Side (feat. We Are KING),long_term,8.424242424242424,4PHoUATsLrJp0wCmokcqF2,0.72,0.642,-10.071,0.738,87.578,1,0.0431,0.099,0.0428,195907,4
2ksuEhOThAcdRYxMCKVDI6,"Jesus bleibet meine Freude, BWV 147/6 (Cantata 147, Herz und Mund und Tat und Leben)",long_term,8.363636363636363,2ksuEhOThAcdRYxMCKVDI6,0.0258,0.0637,-28.312,0.124,66.372,1,0.041,0.955,0.905,209640,3
5fLaktcUZKBkWK8pGbUn7R,Bad Feeling,long_term,8.303030303030303,5fLaktcUZKBkWK8pGbUn7R,0.632,0.537,-5.975,0.274,114.989,0,0.0288,0.000883,0.00999,259934,4
3LvIlM6G5By4mllcxZ26ms,Empty Dancefloor,long_term,8.242424242424242,3LvIlM6G5By4mllcxZ26ms,0.779,0.542,-8.654,0.3,107.979,0,0.0326,0.159,0.892,251150,4
7BpAZ1YR30OLbrFxxnTRC3,Catch Yourself Falling,long_term,8.181818181818182,7BpAZ1YR30OLbrFxxnTRC3,0.777,0.711,-9.487,0.897,148.023,1,0.029,0.304,0.0977,250200,4
6sqhizfXUmr0o4JdSVjo2J,My Mum Was Nico's Driver,long_term,8.121212121212121,6sqhizfXUmr0o4JdSVjo2J,0.658,0.741,-7.275,0.87,111.032,0,0.0285,0.0357,0.0,181029,4
2Zw3HNjaNV42LnQ2uY5JQs,Myth,long_term,8.06060606060606,2Zw3HNjaNV42LnQ2uY5JQs,0.704,0.445,-6.257,0.409,141.954,1,0.0292,0.0336,0.116,258653,4
4ZFi89qsullgucLAOrrXa8,Awake,long_term,8.0,4ZFi89qsullgucLAOrrXa8,0.647,0.397,-8.686,0.113,94.054,1,0.032,0.0488,0.0429,326059,4
7j43FohbLVulScL7S9sQZk,Ausländer,long_term,7.9393939393939394,7j43FohbLVulScL7S9sQZk,0.912,0.681,-4.159,0.479,125.031,1,0.0912,0.000757,0.00136,231603,4
7hpGnN9ROMnKxO2WoWlKmY,"Turn Right, Turn Left",long_term,7.878787878787879,7hpGnN9ROMnKxO2WoWlKmY,0.489,0.524,-12.042,0.103,111.432,1,0.0295,0.292,0.786,234907,4
3evG0BIqEFMMP7lVJh1cSf,Don't Let Me Down - Remastered 2009,long_term,7.818181818181818,3evG0BIqEFMMP7lVJh1cSf,0.289,0.593,-11.049,0.733,77.119,1,0.0259,0.568,0.000829,215733,4
4PEDLBGXXttmMmN4fzTrk7,Tricycle Express,long_term,7.757575757575758,4PEDLBGXXttmMmN4fzTrk7,0.833,0.678,-7.675,0.344,103.989,0,0.0454,0.0155,0.17,230813,4
6AA4HvkXqhWF2KnFZhIibT,Somethinggreater - Gaspard Augé & Victor Le Masne Remix,long_term,7.696969696969697,6AA4HvkXqhWF2KnFZhIibT,0.758,0.541,-7.251,0.399,116.984,0,0.0945,0.00911,0.0,232507,4
0E2d7WIdazWyRhoXyq2OF6,Miami,long_term,7.636363636363637,0E2d7WIdazWyRhoXyq2OF6,0.795,0.745,-5.018,0.874,110.014,1,0.0332,0.00766,0.302,274333,4
3HHlTLBXHImxMfHtuWmZ3D,Another Side,long_term,7.575757575757576,3HHlTLBXHImxMfHtuWmZ3D,0.72,0.642,-10.071,0.738,87.578,1,0.0431,0.099,0.0428,195907,4
2EFuKYBalAcplMyUVL3BDH,Maria También,long_term,7.515151515151516,2EFuKYBalAcplMyUVL3BDH,0.632,0.746,-7.32,0.858,103.612,0,0.0462,0.00252,0.859,190999,4
0A4hDJSHcYLwqYQGUWx3w9,"Mass in B Minor, BWV 232: Agnus Dei: Agnus Dei (Alto)",long_term,7.454545454545455,0A4hDJSHcYLwqYQGUWx3w9,0.0099,0.108,-31.557,0.0442,86.297,0,0.0469,0.976,0.00361,319453,4
4RzRXCxmChDMDnRqDT5vht,Too Late Now - Soulwax Remix,long_term,7.393939393939394,4RzRXCxmChDMDnRqDT5vht,0.948,0.793,-6.652,0.481,129.999,1,0.058,0.0235,0.289,398769,4
5BTWVurlOGIVe4adHvgL3N,Who Goes There?,long_term,7.333333333333333,5BTWVurlOGIVe4adHvgL3N,0.388,0.274,-13.437,0.116,84.67,0,0.0324,0.00321,0.78,413480,4
0U0ldCRmgCqhVvD6ksG63j,Nightcall,long_term,7.272727272727272,0U0ldCRmgCqhVvD6ksG63j,0.874,0.532,-5.183,0.361,91.038,0,0.0482,0.00842,0.012,258413,4
68wXv4DokvcOVNvuJ7FbWp,CUT EM IN (feat. Rick Ross),long_term,7.212121212121212,68wXv4DokvcOVNvuJ7FbWp,0.777,0.744,-5.577,0.813,158.052,1,0.353,0.461,0.0,177040,4
5pHQZlekYdxTQExJWe1KSp,Love Me Like a Reptile,long_term,7.151515151515151,5pHQZlekYdxTQExJWe1KSp,0.948,0.253,-5.604,0.467,99.343,1,0.0749,0.000182,0.00269,200080,4
2vgUijXOTRMnWXDtvgMp2b,Take My Breath,long_term,7.090909090909091,2vgUijXOTRMnWXDtvgMp2b,0.769,0.698,-7.154,0.354,121.02,1,0.0368,0.0128,0.00166,339023,4
7jTin1oHRjBJEpbDRHTzpK,"Fantasie in F Minor, D. 940",long_term,6.96969696969697,7jTin1oHRjBJEpbDRHTzpK,0.0215,0.376,-29.045,0.0991,110.751,1,0.0421,0.99,0.918,1160147,4
2bPGTMB5sFfFYQ2YvSmup0,Deutschland,long_term,6.909090909090909,2bPGTMB5sFfFYQ2YvSmup0,0.895,0.521,-5.242,0.237,120.117,1,0.0442,5.54e-05,0.349,322340,4
0S8pQ5jVT4ZihFpIwkER7Q,Twee,long_term,6.848484848484849,0S8pQ5jVT4ZihFpIwkER7Q,0.841,0.724,-7.264,0.37,120.013,0,0.052,0.0381,0.768,304171,4
1MZPteit5RISR1rqp6YnnW,Fixture Picture,long_term,6.787878787878787,1MZPteit5RISR1rqp6YnnW,0.376,0.519,-7.536,0.475,152.117,0,0.0286,0.537,0.000218,247213,4
7JR0GgImeFM684xOWbYWVu,Artifact,long_term,6.727272727272727,7JR0GgImeFM684xOWbYWVu,0.868,0.713,-7.3,0.545,110.007,1,0.0441,0.000104,0.869,260000,4
4sKcm9RfhgFiOJGeUjNTzF,"Das alte Jahr vergangen ist, BWV 614",long_term,6.666666666666666,4sKcm9RfhgFiOJGeUjNTzF,0.182,0.187,-24.464,0.0657,74.362,0,0.0388,0.963,0.888,151800,4
0622FFHEFj3sklStGf5Lm1,slutte og byne,long_term,6.6060606060606055,0622FFHEFj3sklStGf5Lm1,0.592,0.316,-12.126,0.354,182.689,1,0.0439,0.281,0.000381,325477,3
1a8JpAL3vbAdXYrEABvOtb,Amerika,long_term,6.545454545454545,1a8JpAL3vbAdXYrEABvOtb,0.885,0.608,-4.296,0.518,125.023,0,0.0963,0.00258,1.33e-05,226760,4
2SHfsvx6kgQnbWD1us8RGp,A Hero's Death - Soulwax Remix,long_term,6.484848484848484,2SHfsvx6kgQnbWD1us8RGp,0.812,0.705,-8.08,0.611,109.976,0,0.0361,0.00158,0.000514,269540,4
7sVN5FA6DWPMrPU6yoreKp,Rare Air,long_term,6.424242424242424,7sVN5FA6DWPMrPU6yoreKp,0.643,0.584,-7.738,0.44,121.997,0,0.0306,0.0578,0.849,413388,4
5S0HjqOc1jeLRedP96d50o,Siren Music,long_term,6.363636363636363,5S0HjqOc1jeLRedP96d50o,0.77,0.473,-5.252,0.238,103.029,0,0.0374,0.215,0.0,188573,4
0BWJNm4TrO6H3qgiCmDBjM,Toccata and Fugue in D minor,long_term,6.303030303030303,0BWJNm4TrO6H3qgiCmDBjM,0.0463,0.0692,-25.35,0.0714,71.749,0,0.0373,0.87,0.308,567467,4
64dLd6rVqDLtkXFYrEUHIU,New Gold (feat. Tame Impala and Bootie Brown),long_term,6.242424242424242,64dLd6rVqDLtkXFYrEUHIU,0.923,0.695,-3.93,0.551,108.014,0,0.0522,0.0425,0.0469,215150,3
5YSI1311X8t31PBjkBG4CZ,Wuthering Heights,long_term,6.181818181818182,5YSI1311X8t31PBjkBG4CZ,0.392,0.481,-11.381,0.52,124.572,1,0.0312,0.366,0.0452,269067,4
3Y1dCjPeCkjBlqGIJqE449,Night Striker,long_term,6.121212121212121,3Y1dCjPeCkjBlqGIJqE449,0.55,0.428,-12.229,0.363,165.066,1,0.0323,0.00238,0.808,288987,4
4fQIB3lU4Xhhim4Yj5YMr7,Io,long_term,6.0606060606060606,4fQIB3lU4Xhhim4Yj5YMr7,0.501,0.461,-11.997,0.378,175.403,0,0.0738,0.727,0.961,363122,3
6W26h4KbGUnEaav5VWIyJm,The Day Before You Came,long_term,6.0,6W26h4KbGUnEaav5VWIyJm,0.388,0.801,-14.594,0.736,108.071,0,0.0354,0.0498,0.00421,349080,4
0akzU7VdwCaGjDWZnvK1G1,I'm Not Your Dog,long_term,5.9393939393939394,0akzU7VdwCaGjDWZnvK1G1,0.788,0.538,-5.503,0.383,102.276,1,0.0338,0.000385,0.278,178253,4
2vHT9P2HMzRmlzhs9SL5wR,Welcome,long_term,5.878787878787879,2vHT9P2HMzRmlzhs9SL5wR,0.0182,0.164,-22.108,0.0919,66.192,1,0.0427,0.874,0.994,38105,3
4K9LbcaUblvR7ooSZKVKEL,Then Again,long_term,5.818181818181818,4K9LbcaUblvR7ooSZKVKEL,0.532,0.761,-9.22,0.769,155.027,1,0.0399,0.486,0.869,208616,4
4hWvTpAuTWI0SjQ5TsVRzP,"The Well-Tempered Clavier, Book 1: Prelude I in C Major, BWV 846",long_term,5.757575757575758,4hWvTpAuTWI0SjQ5TsVRzP,0.154,0.159,-31.61,0.216,133.07,1,0.0349,0.751,0.822,150213,4
2fJzvVoZkY4iuwK1EUwbvr,Zombie,long_term,5.696969696969697,2fJzvVoZkY4iuwK1EUwbvr,0.717,0.535,-7.601,0.398,144.98,1,0.0348,0.000392,0.00112,240053,4
2dkVHI7pCyRKin1g2crSBq,Zukunftsmusik - Schneider&groeneveld Remix,long_term,5.636363636363637,2dkVHI7pCyRKin1g2crSBq,0.937,0.738,-5.987,0.243,126.01,0,0.0359,0.0101,0.79,346667,4
1bHrUhSO0HYL1bM8QeYJww,Impact - Soulwax Remix – Edit,long_term,5.575757575757575,1bHrUhSO0HYL1bM8QeYJww,0.837,0.759,-5.892,0.564,116.024,1,0.0565,0.00313,0.0074,218235,4
6EV7iIhdW9VBjphqZNGSfM,Evan Finds the Third Room,long_term,5.515151515151515,6EV7iIhdW9VBjphqZNGSfM,0.385,0.781,-9.976,0.842,105.812,0,0.0789,0.0101,0.587,240743,4
6mcfZIZhkEmNkh2ezmecvb,Desire,long_term,5.454545454545454,6mcfZIZhkEmNkh2ezmecvb,0.573,0.439,-12.096,0.385,220.041,0,0.0288,0.64,0.903,212725,4
5c30Lqd4zY3dpMK2usb9yU,Arpeggi,long_term,5.393939393939394,5c30Lqd4zY3dpMK2usb9yU,0.32,0.69,-13.055,0.494,158.008,0,0.0588,0.115,0.953,285880,3
3dvXRk7TZ929m21p49RR5P,Mariella,long_term,5.333333333333333,3dvXRk7TZ929m21p49RR5P,0.576,0.593,-10.331,0.559,109.935,1,0.032,0.526,0.718,310554,4
39P8tov8L01Rp7LD8oczr2,What U,long_term,5.2727272727272725,39P8tov8L01Rp7LD8oczr2,0.626,0.687,-9.813,0.391,109.013,1,0.0606,0.199,0.912,252867,4
2GnhkfBcDsFdG1MQILHM3j,EQUILIBRIUM,long_term,5.212121212121212,2GnhkfBcDsFdG1MQILHM3j,0.508,0.738,-9.421,0.474,118.047,0,0.0817,0.682,0.928,289960,4
5zIJsFst05gsrUdr9ghEpG,"Gottes Zeit ist die allerbeste Zeit, Sonatina az ""Actus tragicus""-ból, BWV 106",long_term,5.151515151515151,5zIJsFst05gsrUdr9ghEpG,0.0252,0.457,-35.116,0.168,74.137,1,0.0621,0.996,0.875,138840,4
1RJ7lCKTWeWdlhkfPYD1En,Tokyo 1994,long_term,5.090909090909091,1RJ7lCKTWeWdlhkfPYD1En,0.513,0.569,-12.868,0.177,132.012,0,0.0286,0.000471,0.922,132973,4
2vDC9iyQpY3EsioJD8pRiW,Fifty-fifty Clown,long_term,5.03030303030303,2vDC9iyQpY3EsioJD8pRiW,0.694,0.481,-7.38,0.374,180.117,0,0.0272,0.0488,0.0738,190213,3
58N177UE0dL8pb3hyLkELb,Somethinggreater - Gaspard Augé & Victor Le Masne Remix,long_term,4.96969696969697,58N177UE0dL8pb3hyLkELb,0.758,0.541,-7.251,0.399,116.984,0,0.0945,0.00911,0.0,232507,4
6NYBfminB8VNM7n4GgcwfW,Saturday - Instrumental,long_term,4.909090909090909,6NYBfminB8VNM7n4GgcwfW,0.682,0.497,-6.781,0.318,128.237,1,0.0314,0.369,0.0128,194320,4
7aciebfpMZffzCTSg9rLIZ,Levitation,long_term,4.848484848484849,7aciebfpMZffzCTSg9rLIZ,0.452,0.249,-7.126,0.0676,142.352,1,0.0303,0.55,0.427,354600,4
51EMSRpNm9Rg5rGViVCczv,Andromeda,long_term,4.787878787878788,51EMSRpNm9Rg5rGViVCczv,0.461,0.467,-7.94,0.188,131.325,0,0.0274,0.368,0.00115,280187,4
4NKvSohxaivlVYuvqbqFup,Hausgemacht,long_term,4.727272727272728,4NKvSohxaivlVYuvqbqFup,0.53,0.667,-10.789,0.443,140.055,1,0.112,0.00815,0.93,156039,4
5bu9A6uphPWg39RC3ZKeku,"Goldberg Variations, BWV 988: Aria",long_term,4.666666666666666,5bu9A6uphPWg39RC3ZKeku,0.0139,0.454,-29.966,0.244,130.253,0,0.0514,0.995,0.943,184853,4
4oEfv4ljcIHjU6xHFYEyGT,Orca,long_term,4.6060606060606055,4oEfv4ljcIHjU6xHFYEyGT,0.501,0.273,-9.033,0.474,93.65,1,0.0323,0.706,0.0308,142480,4
4hRdaL1ZSGvPJNQezb0ejL,Wuthering Heights - 2018 Remaster,long_term,4.545454545454545,4hRdaL1ZSGvPJNQezb0ejL,0.399,0.481,-10.813,0.544,124.646,1,0.0306,0.413,0.151,268933,4
5aYSlP4RN0XGJz1ieWnwcT,"Bach: Fugee, BWV 543",long_term,4.484848484848484,5aYSlP4RN0XGJz1ieWnwcT,0.267,0.46,-24.927,0.505,171.044,0,0.0452,0.996,0.918,214954,4
5ozqshq2dtU7SYCpCBu0NE,One More Year,long_term,4.424242424242424,5ozqshq2dtU7SYCpCBu0NE,0.88,0.602,-5.414,0.493,114.009,1,0.0354,0.057,0.46,324013,4
67WxAn7LZ9LXrLZzAAlkZO,"Three Little Fugues from Klavierbüchlein für Wilhelm Bach: Fughetta in C Minor, BWV 961",long_term,4.363636363636363,67WxAn7LZ9LXrLZzAAlkZO,0.158,0.478,-22.193,0.721,137.227,1,0.0546,0.994,0.89,145000,4
4mExZER1NmVLhNy9aPmdUS,Time To Dance - Sebastian Remix,long_term,4.303030303030303,4mExZER1NmVLhNy9aPmdUS,0.896,0.682,-5.651,0.364,122.033,1,0.115,0.00133,0.21,204848,4
2OqtZbITDWCFUHAT9fmdin,Choses nouvelles,long_term,4.242424242424242,2OqtZbITDWCFUHAT9fmdin,0.383,0.669,-12.993,0.569,140.011,0,0.0385,0.465,0.856,234600,4
6EPRKhUOdiFSQwGBRBbvsZ,Ace of Spades,long_term,4.181818181818182,6EPRKhUOdiFSQwGBRBbvsZ,0.91,0.342,-7.748,0.547,140.452,1,0.0758,4.02e-05,0.000121,166360,4
4Jj8pWRyVjh0KIJLrcreRa,Here We Go Jack,long_term,4.121212121212121,4Jj8pWRyVjh0KIJLrcreRa,0.309,0.679,-10.606,0.473,163.979,1,0.032,0.585,0.907,237938,4
3v9g8iM3v5irWQHqFWaDSo,Cómo Te Quiero,long_term,4.0606060606060606,3v9g8iM3v5irWQHqFWaDSo,0.277,0.608,-11.917,0.437,126.501,1,0.0282,0.622,0.896,242536,4
2tObQO8pxckNOezskTjWVK,"Concerto in D Minor, BWV 974: II. Adagio",long_term,4.0,2tObQO8pxckNOezskTjWVK,0.0179,0.383,-30.931,0.0387,63.586,0,0.0455,0.993,0.949,250333,4
