id,name,range,rating,id_copy,energy,danceability,loudness,valence,tempo,mode,speechiness,acousticness,instrumentalness,duration_ms,time_signature,pitches,timbre,key,mode,id_copy_2
7L5IwfKB6W0tadcSh9wlyH,Ouverture,short_term,5.393939393939394,7L5IwfKB6W0tadcSh9wlyH,0.336,0.496,-19.44,0.185,129.006,1,0.0513,0.955,0.912,322173,4,"[0.27, 0.58, 0.21, 0.27, 0.18, 0.34, 0.26, 0.07, 0.08, 0.27, 0.57, 0.19]","[36.4, -140.17, -20.32, -18.11, 13.38, -37.86, 3.36, 1.33, -6.62, 3.97, -0.23, 9.65]",75.0,0.14,7L5IwfKB6W0tadcSh9wlyH
0tAZi3X7dUdd7m8OXB8pMA,Shadow,short_term,5.2727272727272725,0tAZi3X7dUdd7m8OXB8pMA,0.275,0.0832,-15.256,0.0334,170.316,0,0.0347,0.887,0.853,558267,1,"[0.18, 0.26, 0.64, 0.5, 0.16, 0.26, 0.16, 0.21, 0.18, 0.24, 0.43, 0.27]","[40.29, -65.03, 29.6, -16.94, 3.88, -26.49, -13.53, -4.79, -7.63, -6.14, -3.13, -4.81]",93.33333333333333,0.86,0tAZi3X7dUdd7m8OXB8pMA
1XMDIKQbV30WJPKLMN6MKv,INSTRUCTION,short_term,4.96969696969697,1XMDIKQbV30WJPKLMN6MKv,0.355,0.491,-12.48,0.0369,145.405,1,0.0354,0.382,0.887,262733,4,"[0.51, 0.26, 0.22, 0.12, 0.12, 0.2, 0.21, 0.39, 0.22, 0.23, 0.36, 0.3]","[38.23, -65.25, -37.01, -15.68, 9.7, -36.31, 2.88, 5.27, 0.3, 6.89, -7.41, -0.66]",75.0,0.36,1XMDIKQbV30WJPKLMN6MKv
1XZdwzd8DTDvkjVc0eJ9BI,Wildlife Analysis,short_term,4.909090909090909,1XZdwzd8DTDvkjVc0eJ9BI,0.0204,0.155,-31.212,0.278,79.755,0,0.0462,0.995,0.936,75627,4,"[0.12, 0.06, 0.43, 0.1, 0.56, 0.08, 0.08, 0.16, 0.12, 0.32, 0.07, 0.7]","[28.95, -181.05, 81.47, 3.86, 94.46, -38.57, -6.71, 3.01, 1.94, -1.53, -1.75, -22.52]",0.0,0.33,1XZdwzd8DTDvkjVc0eJ9BI
1f4cKwcKfNiLbQr8x2tZ3C,Melt!,short_term,4.848484848484849,1f4cKwcKfNiLbQr8x2tZ3C,0.919,0.785,-13.059,0.443,131.037,1,0.0552,0.00772,0.916,214307,4,"[0.63, 0.68, 0.49, 0.41, 0.46, 0.5, 0.56, 0.53, 0.52, 0.46, 0.4, 0.48]","[36.82, 22.73, -62.74, 44.28, 36.1, -56.15, -10.76, 11.6, -3.3, 16.44, -4.43, 3.99]",85.71428571428571,0.56,1f4cKwcKfNiLbQr8x2tZ3C
2278Bt6LM1PRIrHdJAwRII,Bird,short_term,4.727272727272728,2278Bt6LM1PRIrHdJAwRII,0.433,0.663,-13.287,0.275,109.999,1,0.0372,0.24,0.875,315266,4,"[0.39, 0.28, 0.21, 0.06, 0.13, 0.42, 0.26, 0.27, 0.47, 0.53, 0.53, 0.3]","[42.57, -67.67, -54.54, -10.69, 39.44, -35.51, -4.65, -17.96, 1.84, -2.99, -9.37, -13.47]",90.0,0.82,2278Bt6LM1PRIrHdJAwRII
3KPBhpMXdynTzcSev5Q5Wd,Pêcheuse de Lune,short_term,4.484848484848484,3KPBhpMXdynTzcSev5Q5Wd,0.64,0.316,-6.604,0.355,123.79,1,0.041,0.00366,8.8e-06,215049,4,"[0.48, 0.48, 0.3, 0.25, 0.27, 0.38, 0.27, 0.25, 0.33, 0.26, 0.49, 0.41]","[51.03, 31.63, 13.56, -18.44, 20.06, -32.68, 3.02, -0.44, -0.67, -0.08, -6.89, -4.96]",83.33333333333333,0.57,3KPBhpMXdynTzcSev5Q5Wd
5qVMK9Kolb5pmTsQ3Vd6nF,IDGAF,short_term,4.242424242424242,5qVMK9Kolb5pmTsQ3Vd6nF,0.943,0.371,-3.436,0.537,83.047,1,0.081,0.000104,0.0,165431,4,"[0.66, 0.64, 0.5, 0.34, 0.36, 0.48, 0.36, 0.37, 0.3, 0.32, 0.37, 0.39]","[55.17, 67.08, 24.64, -7.19, 17.05, -36.75, 22.2, 4.58, -19.26, 3.71, -9.34, -6.51]",80.0,0.86,5qVMK9Kolb5pmTsQ3Vd6nF
5wmBPrUdXE8GygO3qyGUbE,Spring Ritournelle - Catch Yourself Falling Demo,short_term,4.181818181818182,5wmBPrUdXE8GygO3qyGUbE,0.697,0.519,-11.884,0.893,148.054,1,0.0314,0.439,0.77,195400,4,"[0.53, 0.3, 0.3, 0.19, 0.34, 0.2, 0.2, 0.48, 0.19, 0.25, 0.13, 0.29]","[44.3, -43.93, -40.29, -7.87, 5.34, -33.82, -6.37, -13.98, 0.38, -0.86, -3.69, 5.4]",50.0,0.9,5wmBPrUdXE8GygO3qyGUbE
03nI9nWuShqmWPhXRngQsy,Teach Them How To Bleed,short_term,4.121212121212121,03nI9nWuShqmWPhXRngQsy,0.995,0.4,-5.024,0.0386,123.987,1,0.142,0.00184,0.905,192973,4,"[0.71, 0.65, 0.46, 0.57, 0.49, 0.48, 0.52, 0.5, 0.65, 0.47, 0.49, 0.41]","[53.8, 57.7, 30.79, -13.85, 2.07, -32.2, -4.44, 2.14, -4.58, 2.06, -3.57, 4.95]",87.5,0.88,03nI9nWuShqmWPhXRngQsy
05xCJ6BYn3V55oX5xji5kz,Cold Front,short_term,4.0606060606060606,05xCJ6BYn3V55oX5xji5kz,0.555,0.608,-11.145,0.195,139.859,1,0.0359,0.344,0.689,192227,4,"[0.27, 0.32, 0.17, 0.15, 0.17, 0.49, 0.64, 0.27, 0.41, 0.18, 0.14, 0.12]","[42.73, -66.24, -43.25, -15.98, 5.84, -31.38, 13.14, -8.67, -0.38, -3.12, -9.46, 2.4]",80.0,0.88,05xCJ6BYn3V55oX5xji5kz
1uX5AUX69UtVhxbFI6H1Ql,Cheap And Cheerful - Sebastian remix,short_term,3.939393939393939,1uX5AUX69UtVhxbFI6H1Ql,0.781,0.586,-5.877,0.265,128.972,1,0.252,0.00375,3.41e-05,356400,4,"[0.48, 0.86, 0.43, 0.41, 0.37, 0.3, 0.21, 0.23, 0.31, 0.22, 0.25, 0.26]","[49.56, 95.37, 17.67, -9.35, 13.04, -27.14, -9.93, 3.22, -5.5, 3.56, -12.65, -3.79]",80.0,0.8,1uX5AUX69UtVhxbFI6H1Ql
2tosp3JAI9RxoiJmk6lDQB,Agoraphobia,short_term,3.878787878787879,2tosp3JAI9RxoiJmk6lDQB,0.268,0.62,-22.273,0.145,133.011,0,0.0386,0.993,0.923,234827,4,"[0.47, 0.88, 0.68, 0.17, 0.17, 0.45, 0.8, 0.19, 0.33, 0.5, 0.42, 0.65]","[34.63, -166.63, 0.88, -16.77, 39.33, -20.53, -1.93, -2.58, 2.85, -3.8, -7.47, -1.44]",0.0,0.0,2tosp3JAI9RxoiJmk6lDQB
2uP6FN38qFGP5TrjEEyVbW,Function Music,short_term,3.8181818181818175,2uP6FN38qFGP5TrjEEyVbW,0.154,0.587,-15.71,0.0285,126.048,0,0.0318,0.956,0.86,302000,4,"[0.28, 0.69, 0.23, 0.49, 0.78, 0.11, 0.09, 0.31, 0.79, 0.12, 0.21, 0.52]","[38.87, -153.42, 16.53, -22.0, 7.55, -20.75, 13.53, 1.81, -10.48, -10.24, -7.88, 6.7]",88.88888888888889,0.6,2uP6FN38qFGP5TrjEEyVbW
2yPPWQwZOtmgW716VrtFwN,21st Century Schizoid Man,short_term,3.757575757575757,2yPPWQwZOtmgW716VrtFwN,0.97,0.0986,-3.373,0.0372,79.753,1,0.215,0.000312,0.763,521424,4,"[0.78, 0.61, 0.43, 0.43, 0.4, 0.43, 0.44, 0.5, 0.32, 0.33, 0.37, 0.38]","[53.95, 78.14, 11.23, -18.94, 7.4, -38.08, 7.65, 4.5, -2.67, 4.15, -5.13, 10.68]",90.9090909090909,0.77,2yPPWQwZOtmgW716VrtFwN
3hJ6I6Xr9cWiw5I2MPMDr6,Catch Yourself Falling (feat. Alexis Taylor),short_term,3.696969696969697,3hJ6I6Xr9cWiw5I2MPMDr6,0.775,0.707,-9.495,0.886,148.012,1,0.029,0.304,0.102,250200,4,"[0.47, 0.44, 0.35, 0.22, 0.39, 0.3, 0.32, 0.57, 0.26, 0.33, 0.19, 0.35]","[45.67, -25.98, -26.69, 3.33, 10.25, -26.83, -9.71, -12.87, -6.72, -3.86, -7.4, 0.76]",75.0,0.9,3hJ6I6Xr9cWiw5I2MPMDr6
42inyu6e9EOPzc5taK3H2G,Bena bena,short_term,3.636363636363636,42inyu6e9EOPzc5taK3H2G,0.901,0.61,-7.582,0.968,165.051,1,0.0353,0.57,0.0274,294627,3,"[0.62, 0.36, 0.28, 0.34, 0.29, 0.45, 0.4, 0.5, 0.28, 0.25, 0.39, 0.27]","[49.47, -25.76, -1.89, 1.02, 41.23, -22.17, -2.29, -7.05, -8.09, -3.98, -6.28, -1.64]",85.71428571428572,0.45,42inyu6e9EOPzc5taK3H2G
4cDJQmGTwOvujaQ4VwxMnp,The Border,short_term,3.515151515151515,4cDJQmGTwOvujaQ4VwxMnp,0.522,0.621,-11.769,0.364,105.005,1,0.0375,0.169,0.765,289507,4,"[0.71, 0.33, 0.16, 0.14, 0.16, 0.3, 0.19, 0.32, 0.2, 0.23, 0.36, 0.25]","[43.12, -53.23, -42.23, -11.03, -3.39, -33.79, -4.3, -12.51, -0.43, -4.98, -5.72, 4.74]",80.0,0.88,4cDJQmGTwOvujaQ4VwxMnp
5ypdfroOYzJ8OCFTdAxmE4,Back to Your Heart (feat. Kate NV),short_term,3.393939393939394,5ypdfroOYzJ8OCFTdAxmE4,0.382,0.688,-9.796,0.724,115.466,0,0.029,0.328,0.0785,286867,3,"[0.37, 0.37, 0.23, 0.4, 0.26, 0.44, 0.22, 0.19, 0.27, 0.2, 0.4, 0.28]","[44.49, -41.16, -6.99, -3.93, 25.84, -26.4, 4.12, -3.09, -0.43, -5.44, -7.6, 6.58]",87.5,0.18,5ypdfroOYzJ8OCFTdAxmE4
61ETUvhjw9Ama7Q9F4FFPe,The Madness and the Damage Done,short_term,3.333333333333333,61ETUvhjw9Ama7Q9F4FFPe,0.993,0.238,-2.293,0.0692,177.028,1,0.142,8.3e-05,0.462,320440,4,"[0.59, 0.6, 0.51, 0.48, 0.49, 0.57, 0.53, 0.46, 0.48, 0.47, 0.41, 0.4]","[56.2, 83.83, 10.99, -19.1, 10.05, -36.69, -1.11, 1.46, -0.66, 5.86, -6.17, 4.6]",92.3076923076923,0.79,61ETUvhjw9Ama7Q9F4FFPe
6GnwaKutVHDoDwJCJf0h4m,Concrete and Glass,short_term,3.212121212121212,6GnwaKutVHDoDwJCJf0h4m,0.423,0.802,-13.0,0.971,120.013,1,0.0943,0.709,0.869,252427,4,"[0.27, 0.29, 0.13, 0.36, 0.17, 0.45, 0.31, 0.15, 0.42, 0.15, 0.25, 0.13]","[40.44, -80.93, -53.68, 21.22, 26.75, -30.64, -8.97, -12.13, -14.65, 2.22, -7.35, 6.75]",88.88888888888889,0.77,6GnwaKutVHDoDwJCJf0h4m
7i7fHvZz7dx1JIuYiQFn1L,Dancing By Night,short_term,3.1515151515151514,7i7fHvZz7dx1JIuYiQFn1L,0.483,0.59,-6.775,0.0387,90.103,1,0.0314,0.077,0.0105,220540,4,"[0.67, 0.86, 0.34, 0.26, 0.11, 0.14, 0.17, 0.12, 0.19, 0.13, 0.16, 0.17]","[47.88, -12.15, -5.41, -11.79, 9.27, -29.14, 23.28, 3.65, 0.92, 3.84, -12.2, -2.43]",83.33333333333334,0.9,7i7fHvZz7dx1JIuYiQFn1L
5xJDI5YYHk6dFexvSVonw2,Unfold,short_term,2.909090909090909,5xJDI5YYHk6dFexvSVonw2,0.802,0.594,-6.084,0.759,107.861,1,0.0332,0.00329,0.0454,90127,4,"[0.61, 0.55, 0.32, 0.34, 0.25, 0.33, 0.26, 0.32, 0.28, 0.22, 0.28, 0.38]","[50.91, 27.59, 13.98, -2.93, -16.05, -19.17, 1.83, 3.81, -11.23, -5.67, -5.23, -6.52]",80.0,0.8,5xJDI5YYHk6dFexvSVonw2
02ppMPbg1OtEdHgoPqoqju,Reckoner,short_term,2.8484848484848486,02ppMPbg1OtEdHgoPqoqju,0.656,0.523,-7.441,0.214,104.271,0,0.0262,0.511,0.16,290213,4,"[0.5, 0.4, 0.32, 0.21, 0.51, 0.18, 0.2, 0.32, 0.18, 0.28, 0.27, 0.41]","[48.66, 25.79, -26.67, -22.23, 37.17, -33.03, -20.29, -9.57, -15.9, -6.9, -2.43, 0.14]",85.71428571428572,0.4,02ppMPbg1OtEdHgoPqoqju
03XCbuNqYCaPhoQQxTTZoz,Movement 5,short_term,2.727272727272727,03XCbuNqYCaPhoQQxTTZoz,0.836,0.711,-10.066,0.828,102.995,1,0.0435,0.787,0.832,281933,4,"[0.27, 0.32, 0.49, 0.17, 0.49, 0.25, 0.26, 0.28, 0.26, 0.31, 0.2, 0.25]","[44.65, -48.86, -0.37, 35.22, 30.87, -41.12, -25.59, -7.74, -3.8, -0.98, -6.73, 4.52]",87.5,0.85,03XCbuNqYCaPhoQQxTTZoz
0YJ9FWWHn9EfnN0lHwbzvV,Jigsaw Falling Into Place,short_term,2.6666666666666665,0YJ9FWWHn9EfnN0lHwbzvV,0.832,0.462,-6.085,0.807,165.653,0,0.0479,0.108,0.00416,248893,4,"[0.36, 0.45, 0.48, 0.32, 0.44, 0.34, 0.46, 0.25, 0.19, 0.26, 0.26, 0.54]","[49.39, 7.37, -23.42, -10.19, 18.11, -28.4, 4.97, -9.17, -4.67, -1.86, -10.25, 2.25]",83.33333333333334,0.2,0YJ9FWWHn9EfnN0lHwbzvV
0rkUalLPi1bcCId3UWuure,Time On My Hands (feat. Kirin J Callinan),short_term,2.606060606060606,0rkUalLPi1bcCId3UWuure,0.457,0.705,-11.278,0.163,109.989,1,0.0303,0.792,0.864,268040,4,"[0.23, 0.17, 0.25, 0.15, 0.39, 0.16, 0.24, 0.48, 0.27, 0.6, 0.21, 0.18]","[42.12, -98.98, -11.73, -9.91, -3.33, -26.03, 4.11, -3.29, -11.97, -8.22, -8.22, 0.36]",87.5,0.79,0rkUalLPi1bcCId3UWuure
0sgzC3F93Dh76Yfj5gNUkT,The Color Of The Fire,short_term,2.5454545454545454,0sgzC3F93Dh76Yfj5gNUkT,0.093,0.253,-25.475,0.0609,79.582,1,0.0322,0.967,0.617,105627,4,"[0.32, 0.34, 0.25, 0.38, 0.19, 0.3, 0.4, 0.36, 0.39, 0.33, 0.39, 0.26]","[32.3, -88.46, 17.64, -19.25, 30.55, -32.53, 2.44, -0.17, 5.36, -1.7, -3.56, 12.43]",83.33333333333333,1.0,0sgzC3F93Dh76Yfj5gNUkT
1Xijd6plP4qvI8XtJwBLIP,"Turn Right, Turn Left",short_term,2.484848484848485,1Xijd6plP4qvI8XtJwBLIP,0.486,0.526,-12.025,0.109,111.424,1,0.0294,0.285,0.805,234907,4,"[0.37, 0.35, 0.29, 0.29, 0.29, 0.35, 0.27, 0.33, 0.27, 0.38, 0.37, 0.24]","[42.29, -49.32, -1.59, -8.85, 21.71, -36.46, 7.09, -7.25, -9.75, -5.21, -4.67, 4.5]",88.88888888888889,0.78,1Xijd6plP4qvI8XtJwBLIP
1ZyfAtLlLn1ydIB8REV2OY,What Makes Me Think About You,short_term,2.4242424242424243,1ZyfAtLlLn1ydIB8REV2OY,0.696,0.524,-9.102,0.384,168.994,1,0.0438,0.456,0.687,251827,4,"[0.32, 0.42, 0.32, 0.18, 0.4, 0.24, 0.27, 0.23, 0.32, 0.61, 0.33, 0.4]","[44.82, -42.67, -6.97, -1.77, 16.97, -29.27, -5.91, -6.73, -5.8, -0.93, -7.15, -2.94]",85.71428571428571,0.56,1ZyfAtLlLn1ydIB8REV2OY
3FJ4suZo6FuW0xmARmE0R4,Kaini Industries,short_term,2.1818181818181817,3FJ4suZo6FuW0xmARmE0R4,0.0189,0.343,-30.354,0.719,77.118,1,0.0359,0.99,0.924,59293,4,"[0.2, 0.32, 0.16, 0.27, 0.18, 0.28, 0.3, 0.21, 0.46, 0.28, 0.33, 0.38]","[24.82, -188.69, -41.66, -29.07, 55.03, -36.64, 9.54, 14.81, -18.22, -3.31, -10.96, -6.55]",0.0,1.0,3FJ4suZo6FuW0xmARmE0R4
3JhOqm1Qc6HntAZP8Mz1uo,From Pink They Fell Into Blue,short_term,2.121212121212121,3JhOqm1Qc6HntAZP8Mz1uo,0.68,0.601,-7.774,0.267,106.671,1,0.0637,0.456,4.34e-05,227834,4,"[0.38, 0.39, 0.32, 0.36, 0.38, 0.36, 0.44, 0.33, 0.56, 0.44, 0.38, 0.39]","[46.19, 8.38, -7.72, -13.5, 31.66, -24.01, -1.2, 1.65, -4.82, -8.07, -6.0, 9.64]",88.88888888888889,0.9,3JhOqm1Qc6HntAZP8Mz1uo
3Nyhz7qoHbzNhfvbicO02D,Girl Like Sally (feat. Kirin J Callinan),short_term,2.060606060606061,3Nyhz7qoHbzNhfvbicO02D,0.691,0.74,-8.557,0.627,109.875,1,0.026,0.433,0.014,313680,4,"[0.38, 0.32, 0.27, 0.18, 0.32, 0.23, 0.34, 0.37, 0.24, 0.47, 0.22, 0.35]","[47.39, -29.25, -2.54, -2.06, 28.41, -26.72, -3.03, -9.47, -10.75, -4.95, -7.22, -5.9]",90.0,0.85,3Nyhz7qoHbzNhfvbicO02D
3xWSvA1I12TzogevV5HE4M,Pieces of Sound,short_term,1.93939393939394,3xWSvA1I12TzogevV5HE4M,0.936,0.495,-7.337,0.808,99.958,0,0.0641,0.54,0.656,41307,4,"[0.56, 0.34, 0.47, 0.31, 0.28, 0.56, 0.41, 0.55, 0.34, 0.54, 0.54, 0.36]","[50.06, -16.78, 48.97, 1.54, 2.84, -29.68, 0.84, 7.13, -18.36, -10.03, -0.57, 9.25]",50.00000000000001,0.5,3xWSvA1I12TzogevV5HE4M
42yyhfzkfJIjNHSy1deT0A,Love Theme (feat. Kadhja Bonet),short_term,1.878787878787879,42yyhfzkfJIjNHSy1deT0A,0.499,0.583,-10.617,0.354,160.024,0,0.0341,0.644,0.455,326427,4,"[0.5, 0.36, 0.19, 0.21, 0.25, 0.59, 0.22, 0.22, 0.37, 0.26, 0.38, 0.24]","[43.17, -46.28, -14.04, -5.75, 23.87, -30.21, -4.59, -9.53, -4.44, 0.19, -5.04, 0.19]",90.9090909090909,0.53,42yyhfzkfJIjNHSy1deT0A
48X4D1FYOShPz2VF3YdfCF,House Of Cards,short_term,1.8181818181818183,48X4D1FYOShPz2VF3YdfCF,0.499,0.708,-9.644,0.628,111.652,1,0.0297,0.269,0.57,328293,4,"[0.59, 0.61, 0.3, 0.2, 0.21, 0.52, 0.2, 0.29, 0.13, 0.26, 0.16, 0.12]","[45.79, -52.97, -31.64, -9.5, -1.46, -28.66, -2.2, -15.72, -0.27, -4.26, -8.62, -0.6]",91.66666666666667,0.78,48X4D1FYOShPz2VF3YdfCF
4i2F35b5tamKhvMsf0wuuL,Live to Win,short_term,1.6969696969696972,4i2F35b5tamKhvMsf0wuuL,0.949,0.224,-5.137,0.559,204.75,1,0.0674,0.00636,0.0321,216053,4,"[0.52, 0.6, 0.33, 0.39, 0.31, 0.5, 0.44, 0.32, 0.37, 0.28, 0.42, 0.37]","[53.58, 102.78, 7.42, -18.8, 9.49, -30.13, -7.9, 2.07, -6.34, -1.93, -6.0, 4.49]",90.0,0.69,4i2F35b5tamKhvMsf0wuuL
4pWIwnnqx8k01fuF95UMIg,Bodysnatchers,short_term,1.636363636363637,4pWIwnnqx8k01fuF95UMIg,0.976,0.342,-4.986,0.733,166.663,1,0.0573,0.00443,0.0175,242293,4,"[0.46, 0.6, 0.65, 0.33, 0.34, 0.33, 0.35, 0.38, 0.3, 0.43, 0.28, 0.25]","[52.91, 2.59, 22.52, -5.1, 9.89, -31.2, 14.82, -6.06, -10.36, -3.15, -6.38, -4.69]",87.5,0.7,4pWIwnnqx8k01fuF95UMIg
4sTXJ6PF8UCycBMlDtB6n6,Ocean Road,short_term,1.5757575757575752,4sTXJ6PF8UCycBMlDtB6n6,0.91,0.452,-4.12,0.464,104.61,0,0.0624,0.0177,0.931,160565,3,"[0.63, 0.44, 0.39, 0.37, 0.36, 0.58, 0.35, 0.36, 0.32, 0.33, 0.31, 0.44]","[52.26, 24.36, 45.57, 1.09, 6.6, -28.58, 12.25, -0.15, -9.45, -4.24, -5.58, -1.8]",83.33333333333334,0.56,4sTXJ6PF8UCycBMlDtB6n6
4wajJ1o7jWIg62YqpkHC7S,Weird Fishes/ Arpeggi,short_term,1.5151515151515147,4wajJ1o7jWIg62YqpkHC7S,0.61,0.531,-8.025,0.199,152.958,0,0.0387,0.772,0.756,318187,4,"[0.24, 0.35, 0.34, 0.19, 0.49, 0.21, 0.4, 0.38, 0.19, 0.42, 0.18, 0.3]","[47.18, -41.22, -30.58, -1.28, 35.41, -38.31, -17.9, -27.23, 0.58, 2.43, -8.62, 6.36]",88.88888888888889,0.53,4wajJ1o7jWIg62YqpkHC7S
50fkJxrv0ZLTt9EHZGBOP7,Canon x Love S.O.S. (WWW),short_term,1.454545454545454,50fkJxrv0ZLTt9EHZGBOP7,0.921,0.555,-7.058,0.217,116.998,0,0.0996,0.0124,0.00131,287253,4,"[0.35, 0.55, 0.29, 0.3, 0.56, 0.4, 0.57, 0.39, 0.42, 0.43, 0.27, 0.36]","[49.95, 64.14, 25.99, -5.71, 51.46, -39.68, 13.19, 6.05, -20.28, -4.55, -13.0, 2.76]",90.9090909090909,0.45,50fkJxrv0ZLTt9EHZGBOP7
5fdJ9yD4BMXogf3183BXd3,Papillons,short_term,1.3939393939393936,5fdJ9yD4BMXogf3183BXd3,0.057,0.203,-23.709,0.0369,86.963,0,0.0372,0.775,0.906,174000,1,"[0.57, 0.52, 0.38, 0.36, 0.45, 0.27, 0.24, 0.27, 0.38, 0.38, 0.16, 0.22]","[29.63, -177.61, -20.82, -30.25, 14.8, -36.74, 31.16, 9.11, -3.74, -4.53, -8.76, -8.14]",83.33333333333333,0.5,5fdJ9yD4BMXogf3183BXd3
6DwgovwzeHZa2Ka0xuoDlT,Cité radieuse,short_term,1.2727272727272725,6DwgovwzeHZa2Ka0xuoDlT,0.403,0.747,-13.643,0.227,172.539,1,0.078,0.984,0.906,247240,3,"[0.18, 0.4, 0.12, 0.24, 0.24, 0.11, 0.36, 0.1, 0.23, 0.2, 0.19, 0.32]","[39.53, -121.39, -3.3, 16.85, 33.95, -3.4, -1.07, -5.49, -5.45, 0.62, -7.87, 5.79]",87.5,0.38,6DwgovwzeHZa2Ka0xuoDlT
6t5LvKZevNXyHXhROrMR9t,Fat Old Sun,short_term,1.1515151515151514,6t5LvKZevNXyHXhROrMR9t,0.274,0.174,-15.234,0.0334,119.803,0,0.0428,0.985,0.909,279512,4,"[0.18, 0.34, 0.7, 0.19, 0.45, 0.48, 0.44, 0.36, 0.13, 0.43, 0.26, 0.32]","[38.79, -76.0, 74.07, 1.96, 56.03, -33.58, -4.49, 1.29, -10.69, -6.63, 2.01, 1.39]",83.33333333333333,0.5,6t5LvKZevNXyHXhROrMR9t
7AfbtT8GN1iv3Crb11NaVI,Telephasic Workshop,short_term,1.0909090909090908,7AfbtT8GN1iv3Crb11NaVI,0.83,0.772,-14.395,0.579,100.055,1,0.139,0.0175,0.843,395480,4,"[0.58, 0.46, 0.28, 0.26, 0.27, 0.24, 0.41, 0.52, 0.65, 0.62, 0.54, 0.25]","[38.12, -20.31, -61.57, 60.71, 19.78, -46.44, -16.27, -12.09, -10.28, 6.77, -19.99, 4.8]",75.0,0.78,7AfbtT8GN1iv3Crb11NaVI
7keJ7uDxNNp2RFx91ZgWpc,Bocuma,short_term,1.0303030303030305,7keJ7uDxNNp2RFx91ZgWpc,0.103,0.267,-24.083,0.324,125.593,0,0.047,0.992,0.932,95973,5,"[0.18, 0.06, 0.46, 0.15, 0.21, 0.39, 0.15, 0.56, 0.19, 0.26, 0.11, 0.16]","[34.18, -146.66, 85.09, 10.36, 50.36, -25.73, 5.09, 2.92, -13.58, -10.91, -1.6, -1.96]",80.0,0.2,7keJ7uDxNNp2RFx91ZgWpc
7sAzXuEwz0sOhnB57xoccs,An Eagle In Your Mind,short_term,0.9696969696969696,7sAzXuEwz0sOhnB57xoccs,0.467,0.825,-14.053,0.252,96.014,1,0.0752,0.371,0.847,385520,4,"[0.59, 0.67, 0.26, 0.31, 0.23, 0.38, 0.48, 0.21, 0.24, 0.22, 0.22, 0.19]","[38.44, -2.48, -56.84, 12.84, 32.81, -16.12, -20.49, -30.19, -11.15, -10.16, -15.73, 12.44]",87.5,0.86,7sAzXuEwz0sOhnB57xoccs
0ansk2O9qsXta073JyOKKD,Kounkoun,short_term,0.7878787878787881,0ansk2O9qsXta073JyOKKD,0.724,0.653,-7.759,0.896,95.042,0,0.0373,0.377,0.000111,286187,4,"[0.51, 0.4, 0.2, 0.34, 0.28, 0.57, 0.28, 0.35, 0.22, 0.16, 0.31, 0.17]","[47.23, -15.96, -14.33, -7.3, 27.8, -23.01, -3.64, -4.87, 7.36, 0.25, -11.47, -6.56]",85.71428571428571,0.25,0ansk2O9qsXta073JyOKKD
0uEBBlkHjdxSUty2ANx8SZ,Norfolk Hotel,short_term,0.7272727272727275,0uEBBlkHjdxSUty2ANx8SZ,0.76,0.441,-6.618,0.508,112.52,1,0.0569,0.422,0.0522,274177,4,"[0.5, 0.38, 0.29, 0.23, 0.31, 0.31, 0.34, 0.4, 0.36, 0.52, 0.43, 0.35]","[50.59, -8.2, 21.02, -12.36, 19.84, -28.68, -0.55, -0.7, -5.72, -3.08, -5.48, -0.19]",90.0,0.91,0uEBBlkHjdxSUty2ANx8SZ
15irEKZ9D6FQqLoZ1qJ1Cx,Faust Arp,short_term,0.6666666666666661,15irEKZ9D6FQqLoZ1qJ1Cx,0.288,0.337,-13.477,0.225,105.036,0,0.0321,0.84,0.199,129680,4,"[0.17, 0.17, 0.21, 0.18, 0.23, 0.34, 0.5, 0.56, 0.24, 0.26, 0.22, 0.33]","[43.1, -54.71, -28.53, -31.19, -0.79, -21.75, -13.01, -7.23, -8.23, -6.41, -6.9, -1.11]",83.33333333333333,0.57,15irEKZ9D6FQqLoZ1qJ1Cx
1GXHYRKZnCxmuJQ4eesNI6,The Cure,short_term,0.6060606060606055,1GXHYRKZnCxmuJQ4eesNI6,0.672,0.207,-6.27,0.348,124.695,1,0.0544,0.0522,1.95e-05,223234,4,"[0.49, 0.49, 0.35, 0.28, 0.29, 0.38, 0.29, 0.27, 0.33, 0.27, 0.46, 0.41]","[50.24, 19.66, 16.62, -21.83, 21.28, -32.48, -0.83, 1.85, -0.85, 0.61, -6.96, -1.64]",88.88888888888889,0.55,1GXHYRKZnCxmuJQ4eesNI6
1xkYnVp4lmP9r1W1DVd6Pd,Infinite End,short_term,0.4848484848484844,1xkYnVp4lmP9r1W1DVd6Pd,0.361,0.665,-12.816,0.431,122.017,0,0.0429,0.911,0.948,361000,4,"[0.17, 0.56, 0.18, 0.39, 0.47, 0.19, 0.4, 0.23, 0.6, 0.11, 0.17, 0.2]","[41.4, -78.14, 18.85, -17.32, 11.77, -14.56, 8.34, 0.29, -4.84, -6.48, -11.29, 2.13]",1.4210854715202004e-14,0.0,1xkYnVp4lmP9r1W1DVd6Pd
1zPRp8SGQu5nATv2Telw2D,Sex Music,short_term,0.4242424242424238,1zPRp8SGQu5nATv2Telw2D,0.622,0.783,-10.373,0.673,94.173,1,0.0432,0.529,0.841,230634,4,"[0.41, 0.54, 0.34, 0.24, 0.41, 0.44, 0.36, 0.35, 0.29, 0.41, 0.25, 0.16]","[42.66, -68.44, -29.23, 26.86, -9.95, -22.48, -1.37, -2.3, -14.06, -5.81, -16.72, 0.8]",75.0,0.62,1zPRp8SGQu5nATv2Telw2D
2A6YNzhnvSgaqkJzDjtVyf,Sixtyten,short_term,0.3636363636363633,2A6YNzhnvSgaqkJzDjtVyf,0.725,0.754,-14.688,0.657,109.579,1,0.0636,0.0204,0.805,348347,4,"[0.5, 0.56, 0.45, 0.44, 0.3, 0.27, 0.3, 0.25, 0.29, 0.35, 0.45, 0.39]","[39.32, 5.34, -82.15, -1.12, 39.7, -36.25, -6.26, 2.3, -3.15, -5.18, -8.18, -3.05]",87.5,0.88,2A6YNzhnvSgaqkJzDjtVyf
2CcYI8KxDgOiOaM7axIP3h,Fadjamou,short_term,0.3030303030303027,2CcYI8KxDgOiOaM7axIP3h,0.967,0.444,-5.332,0.926,132.851,0,0.0839,0.168,4.7e-05,275867,4,"[0.67, 0.55, 0.35, 0.36, 0.35, 0.56, 0.44, 0.41, 0.48, 0.4, 0.55, 0.35]","[51.7, 1.16, 20.98, 13.3, 31.3, -28.55, 15.07, 0.47, -4.77, -0.95, -5.99, -4.16]",88.88888888888889,0.44,2CcYI8KxDgOiOaM7axIP3h
2TdpGmTV28dk9XPJhHq1h1,Yere faga,short_term,0.1212121212121211,2TdpGmTV28dk9XPJhHq1h1,0.728,0.738,-6.949,0.547,104.989,1,0.0392,0.393,0.000199,311267,4,"[0.6, 0.5, 0.39, 0.17, 0.18, 0.26, 0.3, 0.42, 0.24, 0.24, 0.29, 0.25]","[48.3, 3.39, -0.07, 1.06, 27.19, -16.93, -2.83, -1.77, -0.47, -0.21, -8.4, 0.8]",90.9090909090909,0.94,2TdpGmTV28dk9XPJhHq1h1
2egYFLjRGuzt8lYM1Yznz2,"Schwanengesang, D. 957: IV. Ständchen",short_term,0.0606060606060605,2egYFLjRGuzt8lYM1Yznz2,0.024,0.304,-26.397,0.0464,124.366,1,0.0407,0.985,1.07e-05,254560,4,"[0.26, 0.37, 0.43, 0.19, 0.33, 0.29, 0.31, 0.31, 0.17, 0.49, 0.25, 0.16]","[25.56, -58.97, 1.17, -23.43, 33.34, -23.99, -28.39, 2.78, -11.42, -3.15, -4.81, -2.94]",85.71428571428572,0.86,2egYFLjRGuzt8lYM1Yznz2
35YyxFpE0ZTOoqFx5bADW8,Nude,short_term,0.0,35YyxFpE0ZTOoqFx5bADW8,0.342,0.516,-9.785,0.167,128.378,1,0.0342,0.832,0.579,255387,3,"[0.28, 0.37, 0.16, 0.22, 0.45, 0.23, 0.22, 0.17, 0.42, 0.34, 0.15, 0.3]","[43.55, -74.51, -7.47, -8.3, 28.3, -33.16, -7.42, -13.44, -4.42, -2.7, -4.98, 0.34]",85.71428571428571,0.67,35YyxFpE0ZTOoqFx5bADW8
1wQL1hqKJNlOZr5vVgIytr,Bennington (2007),medium_term,7.636363636363637,1wQL1hqKJNlOZr5vVgIytr,0.379,0.709,-9.953,0.786,134.952,0,0.0322,0.00145,0.639,193013,4,"[0.53, 0.27, 0.2, 0.36, 0.26, 0.23, 0.17, 0.33, 0.16, 0.15, 0.3, 0.24]","[45.81, 22.23, -23.13, 5.18, 11.56, -37.25, 7.38, 5.26, 1.14, 2.75, -8.06, -4.29]",83.33333333333334,0.25,1wQL1hqKJNlOZr5vVgIytr
4L9UGREMQBfYLmGwlACgTV,Moskau,medium_term,7.575757575757576,4L9UGREMQBfYLmGwlACgTV,0.963,0.493,-3.41,0.305,147.992,1,0.0638,2.25e-05,0.667,256307,4,"[0.4, 0.49, 0.3, 0.44, 0.49, 0.39, 0.33, 0.31, 0.43, 0.29, 0.34, 0.35]","[53.89, 82.8, 11.87, -10.74, -11.98, -32.05, 8.77, 5.37, -7.81, 1.66, -6.36, 4.24]",80.0,0.8,4L9UGREMQBfYLmGwlACgTV
6q0vpZDGYCpYd3DDTfjSFX,Now Summer Is Gone,medium_term,7.515151515151516,6q0vpZDGYCpYd3DDTfjSFX,0.259,0.062,-10.525,0.133,211.879,1,0.0339,0.514,0.883,228358,4,"[0.31, 0.2, 0.38, 0.12, 0.21, 0.19, 0.24, 0.49, 0.12, 0.12, 0.09, 0.51]","[45.93, -61.43, 1.27, -26.35, 18.74, -36.77, 10.3, 2.46, 0.54, 0.38, -4.39, -0.03]",85.71428571428571,0.73,6q0vpZDGYCpYd3DDTfjSFX
0clHX7YnFCB2prSGUKIXOs,Badi Sabah Olmadan,medium_term,7.454545454545455,0clHX7YnFCB2prSGUKIXOs,0.671,0.413,-9.256,0.417,172.052,1,0.0346,0.00217,0.375,283399,4,"[0.87, 0.62, 0.32, 0.26, 0.19, 0.2, 0.2, 0.37, 0.21, 0.14, 0.17, 0.3]","[47.72, 6.53, 7.97, -5.77, -0.48, -28.35, 7.57, 3.66, -1.09, 1.06, -8.2, -1.62]",88.88888888888889,0.92,0clHX7YnFCB2prSGUKIXOs
1rHlc3clkZmCryFhGoRRXB,The Community Of Hope,medium_term,7.393939393939394,1rHlc3clkZmCryFhGoRRXB,0.879,0.61,-7.908,0.634,132.913,1,0.0444,0.63,0.0,143573,4,"[0.32, 0.64, 0.55, 0.51, 0.56, 0.41, 0.51, 0.32, 0.41, 0.47, 0.25, 0.42]","[49.47, 30.71, 1.5, -17.04, 28.04, -21.81, -11.94, 0.27, 2.92, -1.28, -6.93, 1.87]",66.66666666666666,0.71,1rHlc3clkZmCryFhGoRRXB
2MC5MLUdhrVUWGHUFHvaLF,Wollt ihr das Bett in Flammen sehen,medium_term,7.333333333333333,2MC5MLUdhrVUWGHUFHvaLF,0.766,0.673,-7.342,0.641,129.928,1,0.0394,2.37e-05,0.673,315851,4,"[0.57, 0.66, 0.6, 0.43, 0.32, 0.25, 0.28, 0.28, 0.26, 0.39, 0.35, 0.35]","[48.68, 88.22, -6.98, -6.79, -30.9, -20.55, -0.23, 5.88, -13.87, 0.84, -6.29, -1.45]",80.0,1.0,2MC5MLUdhrVUWGHUFHvaLF
0BuiYLxZ8w3abLHgcIVXjJ,The Voice Is Calling Us,medium_term,7.272727272727272,0BuiYLxZ8w3abLHgcIVXjJ,0.443,0.31,-10.024,0.0396,160.079,0,0.032,0.547,0.977,204977,4,"[0.2, 0.33, 0.19, 0.26, 0.21, 0.47, 0.57, 0.26, 0.26, 0.18, 0.42, 0.13]","[47.43, -35.0, -2.1, -21.37, 17.07, -27.03, 2.41, 1.66, -1.92, -1.19, -6.75, -1.14]",85.71428571428572,0.73,0BuiYLxZ8w3abLHgcIVXjJ
3gIBSlXYIN1mru35l4LWPB,Still Crazy After All These Years,medium_term,7.151515151515151,3gIBSlXYIN1mru35l4LWPB,0.252,0.267,-11.687,0.13,37.114,1,0.0351,0.8,4.43e-05,206533,4,"[0.36, 0.32, 0.36, 0.2, 0.33, 0.18, 0.21, 0.32, 0.21, 0.37, 0.22, 0.32]","[42.59, -33.63, -7.58, -20.97, 36.99, -24.51, -11.74, -6.28, 5.1, -1.23, -7.42, 1.42]",83.33333333333334,0.89,3gIBSlXYIN1mru35l4LWPB
032flQPlMVQiDQ2mM8PJT2,Automaton,medium_term,7.090909090909091,032flQPlMVQiDQ2mM8PJT2,0.828,0.622,-7.172,0.943,145.001,1,0.0331,0.00723,0.172,312268,4,"[0.36, 0.37, 0.32, 0.24, 0.4, 0.26, 0.31, 0.33, 0.4, 0.74, 0.28, 0.27]","[49.05, 49.21, -11.34, 7.41, -2.95, -24.1, -7.46, 2.31, 0.87, 1.07, -8.86, 0.44]",85.71428571428572,0.62,032flQPlMVQiDQ2mM8PJT2
3h8x8UE8mgOCkorEsAMRFR,Get Innocuous! - Soulwax Remix,medium_term,7.03030303030303,3h8x8UE8mgOCkorEsAMRFR,0.997,0.667,-5.832,0.693,118.0,1,0.0457,0.0748,0.738,601240,4,"[0.7, 0.74, 0.49, 0.36, 0.4, 0.45, 0.38, 0.41, 0.34, 0.4, 0.35, 0.24]","[48.96, 69.6, 17.86, 29.3, 10.92, -41.22, -12.39, -1.14, 1.37, 6.65, -10.31, 4.54]",85.71428571428572,0.73,3h8x8UE8mgOCkorEsAMRFR
0UKz1qLNjzU1tOJ8Gympzq,(The Death of Ruby),medium_term,6.96969696969697,0UKz1qLNjzU1tOJ8Gympzq,0.434,0.666,-15.74,0.065,91.997,1,0.0662,0.279,0.396,101739,4,"[0.32, 0.24, 0.17, 0.18, 0.65, 0.54, 0.33, 0.4, 0.22, 0.3, 0.21, 0.11]","[38.76, 1.42, -89.5, -15.74, 33.16, -28.3, -14.45, -28.12, 15.72, -2.07, -18.05, 2.26]",80.0,0.6,0UKz1qLNjzU1tOJ8Gympzq
6wOmGciNCGwEO1C79Yvlml,Sonatina,medium_term,6.909090909090909,6wOmGciNCGwEO1C79Yvlml,0.249,0.426,-12.062,0.174,77.781,1,0.0286,0.755,0.735,210733,4,"[0.26, 0.17, 0.22, 0.37, 0.16, 0.25, 0.12, 0.28, 0.35, 0.21, 0.41, 0.19]","[40.69, -51.94, 18.24, -9.92, 13.1, -21.43, 2.03, 3.7, 1.18, -0.67, -8.53, -5.04]",75.0,0.88,6wOmGciNCGwEO1C79Yvlml
5Vsx7c7vcVmQLu2Acg6AUP,Skyscraper,medium_term,6.787878787878788,5Vsx7c7vcVmQLu2Acg6AUP,0.596,0.565,-7.028,0.851,103.009,0,0.026,0.000161,0.000548,237785,4,"[0.19, 0.25, 0.31, 0.26, 0.52, 0.2, 0.25, 0.24, 0.15, 0.16, 0.15, 0.42]","[50.03, 25.37, -15.55, -8.68, 15.91, -30.12, 15.23, -6.69, 0.64, -4.15, -11.72, -2.79]",92.3076923076923,0.69,5Vsx7c7vcVmQLu2Acg6AUP
7cfH4PBHP8bNKpfmIrXgLD,"The Original Theme from ""Blade"" - 2016 Remaster",medium_term,6.727272727272728,7cfH4PBHP8bNKpfmIrXgLD,0.998,0.561,-3.669,0.484,136.206,0,0.0797,0.42,0.173,623013,4,"[0.63, 0.5, 0.39, 0.52, 0.39, 0.45, 0.6, 0.46, 0.51, 0.44, 0.33, 0.56]","[54.17, 16.74, 28.0, 17.22, 45.43, -41.86, -12.21, -7.33, -9.7, 5.18, -12.77, -2.17]",87.5,0.71,7cfH4PBHP8bNKpfmIrXgLD
5QO3UJc1gF1ummP75n2b3R,Goca Dünya,medium_term,6.666666666666666,5QO3UJc1gF1ummP75n2b3R,0.683,0.738,-5.099,0.802,97.484,0,0.0622,0.0485,0.000728,240093,4,"[0.38, 0.26, 0.2, 0.29, 0.45, 0.23, 0.34, 0.3, 0.31, 0.51, 0.31, 0.36]","[48.38, 22.15, -5.01, 28.21, 9.94, -13.06, -1.9, -3.61, -12.51, -1.66, -11.93, -7.06]",87.5,0.62,5QO3UJc1gF1ummP75n2b3R
0fsRZR40GASck3rxMJerWT,Surface Pan,medium_term,6.6060606060606055,0fsRZR40GASck3rxMJerWT,0.0955,0.533,-27.462,0.184,94.962,0,0.0427,0.963,0.944,311250,3,"[0.55, 0.08, 0.09, 0.31, 0.07, 0.47, 0.11, 0.16, 0.25, 0.13, 0.3, 0.11]","[29.6, -102.99, -9.64, -10.99, 25.46, -28.41, 6.54, -4.81, -15.86, -2.29, -0.61, 13.89]",83.33333333333333,0.29,0fsRZR40GASck3rxMJerWT
0mQpx1PTcA2v4CqYlWPhFj,Estranged From Itself,medium_term,6.545454545454545,0mQpx1PTcA2v4CqYlWPhFj,0.535,0.161,-8.819,0.135,101.967,1,0.0307,0.00468,0.0209,287426,4,"[0.27, 0.54, 0.32, 0.33, 0.25, 0.48, 0.52, 0.22, 0.16, 0.14, 0.37, 0.21]","[49.46, 5.02, 5.85, -20.04, 12.25, -32.71, 4.29, 0.84, 2.52, 1.09, -7.6, -6.04]",85.71428571428571,0.73,0mQpx1PTcA2v4CqYlWPhFj
0yevg3L0wpe3cJTWrMkTRX,Doves Dance,medium_term,6.484848484848484,0yevg3L0wpe3cJTWrMkTRX,0.174,0.56,-21.558,0.158,101.95,0,0.0331,0.865,0.891,535040,4,"[0.66, 0.46, 0.25, 0.26, 0.19, 0.27, 0.17, 0.19, 0.21, 0.18, 0.26, 0.17]","[31.2, -75.91, -46.79, -9.56, 23.21, -31.31, -3.73, -5.5, 0.04, 3.18, -7.52, 3.83]",95.23809523809524,0.52,0yevg3L0wpe3cJTWrMkTRX
2Rr22UFL2JTTTflT2iD14Z,Edo,medium_term,6.424242424242424,2Rr22UFL2JTTTflT2iD14Z,0.0437,0.13,-25.968,0.0373,80.169,0,0.0544,0.842,0.852,292000,4,"[0.07, 0.39, 0.08, 0.33, 0.32, 0.12, 0.27, 0.11, 0.64, 0.04, 0.16, 0.38]","[34.23, -201.53, -38.73, -43.55, 3.53, -41.59, -2.6, -0.82, 7.59, -2.45, 2.63, 10.27]",75.0,0.9,2Rr22UFL2JTTTflT2iD14Z
7wXJyWtRktzx7shORVNX5B,Strange Overtones,medium_term,6.363636363636363,7wXJyWtRktzx7shORVNX5B,0.838,0.694,-6.942,0.809,109.976,1,0.0465,0.271,0.00326,256493,4,"[0.56, 0.66, 0.32, 0.34, 0.34, 0.43, 0.4, 0.33, 0.43, 0.3, 0.35, 0.31]","[48.67, 25.12, 5.87, -1.19, 19.89, -27.74, -7.04, 6.55, 1.99, 3.82, -3.63, 5.26]",90.0,0.8,7wXJyWtRktzx7shORVNX5B
0IuE6FnXPCdZ8NLuuvJRhb,On Track,medium_term,6.242424242424242,0IuE6FnXPCdZ8NLuuvJRhb,0.648,0.388,-5.578,0.112,163.861,1,0.038,0.116,4.19e-06,301787,4,"[0.23, 0.47, 0.49, 0.16, 0.27, 0.17, 0.39, 0.4, 0.25, 0.41, 0.18, 0.26]","[49.9, 29.04, 38.22, 0.69, 29.2, -28.76, 10.2, 2.12, -15.35, -2.36, -7.28, -0.26]",50.0,1.0,0IuE6FnXPCdZ8NLuuvJRhb
5hZhO6GpnkWQs9ZlI3bQQ2,Death In The Family,medium_term,6.181818181818182,5hZhO6GpnkWQs9ZlI3bQQ2,0.427,0.478,-9.023,0.21,77.944,1,0.025,0.865,0.00131,163209,3,"[0.3, 0.31, 0.5, 0.28, 0.28, 0.15, 0.27, 0.41, 0.22, 0.5, 0.25, 0.42]","[47.28, -27.57, 30.62, -5.34, 31.23, -23.89, -4.47, -4.15, -8.61, -4.73, -3.77, 4.1]",75.0,1.0,5hZhO6GpnkWQs9ZlI3bQQ2
02qdK5VnAz2LkREkpbxekf,This Is Not,medium_term,6.121212121212121,02qdK5VnAz2LkREkpbxekf,0.633,0.635,-6.92,0.795,131.785,1,0.0281,0.0449,7.89e-05,290160,4,"[0.36, 0.36, 0.18, 0.28, 0.36, 0.19, 0.29, 0.18, 0.43, 0.33, 0.21, 0.37]","[49.48, 31.67, 9.14, -2.31, 6.18, -22.89, -15.13, -0.46, -13.59, -3.92, -2.44, -6.8]",90.0,0.54,02qdK5VnAz2LkREkpbxekf
2Y0iGXY6m6immVb2ktbseM,Little Dark Age,medium_term,6.0606060606060606,2Y0iGXY6m6immVb2ktbseM,0.712,0.705,-6.156,0.62,97.512,1,0.0385,0.0102,0.000855,299960,4,"[0.48, 0.62, 0.25, 0.21, 0.26, 0.25, 0.36, 0.25, 0.35, 0.36, 0.32, 0.33]","[48.74, 7.32, -12.47, 3.62, 16.77, -28.03, 1.03, -4.24, 1.2, 1.92, -12.81, -5.84]",90.9090909090909,0.73,2Y0iGXY6m6immVb2ktbseM
5vZ4IeUenK2cHub2d7yfWk,Radio,medium_term,5.9393939393939394,5vZ4IeUenK2cHub2d7yfWk,0.894,0.652,-5.145,0.76,132.03,0,0.0409,0.00404,0.00381,277397,4,"[0.68, 0.58, 0.33, 0.41, 0.4, 0.33, 0.32, 0.46, 0.38, 0.31, 0.32, 0.36]","[50.32, 40.12, -2.51, -2.08, 4.05, -33.41, -8.23, -0.14, -6.34, 4.22, -5.2, -1.13]",90.0,0.36,5vZ4IeUenK2cHub2d7yfWk
1Sde10QOuzSGWRWdnZ5ONc,The Fear (2003),medium_term,5.878787878787879,1Sde10QOuzSGWRWdnZ5ONc,0.981,0.476,-6.687,0.21,104.404,0,0.0672,0.13,0.701,166387,4,"[0.4, 0.52, 0.36, 0.52, 0.42, 0.4, 0.58, 0.44, 0.53, 0.44, 0.53, 0.43]","[51.21, 55.91, 65.72, 3.67, 4.67, -27.43, 2.59, 0.49, -20.52, -6.42, -3.16, -0.33]",83.33333333333333,0.71,1Sde10QOuzSGWRWdnZ5ONc
2lWufuX8T9rr8zSQj9m9Ft,Thunder & Lightning,medium_term,5.818181818181818,2lWufuX8T9rr8zSQj9m9Ft,0.995,0.343,-3.79,0.0382,134.928,1,0.155,0.00233,0.136,186013,4,"[0.6, 0.69, 0.5, 0.67, 0.48, 0.45, 0.48, 0.47, 0.52, 0.48, 0.55, 0.42]","[54.96, 72.69, 27.37, -15.66, 1.23, -31.38, -7.13, 1.51, -9.33, 1.42, -4.78, 5.89]",87.5,0.8,2lWufuX8T9rr8zSQj9m9Ft
4TOMI010Sd4ZAX4aZ5TS85,Perfect Day,medium_term,5.757575757575758,4TOMI010Sd4ZAX4aZ5TS85,0.267,0.4,-12.488,0.0872,144.799,1,0.0323,0.744,0.00734,225000,3,"[0.31, 0.29, 0.28, 0.37, 0.23, 0.37, 0.22, 0.25, 0.25, 0.26, 0.33, 0.15]","[40.14, -9.36, -7.33, -13.76, 8.86, -21.45, -4.68, 2.23, -5.26, 2.12, -9.47, 7.58]",80.0,0.56,4TOMI010Sd4ZAX4aZ5TS85
5Jux7nevG4VaJNfI6jKoka,Matador,medium_term,5.696969696969697,5Jux7nevG4VaJNfI6jKoka,0.836,0.462,-4.512,0.565,146.944,0,0.0365,0.00172,0.0186,199360,4,"[0.4, 0.44, 0.42, 0.36, 0.54, 0.28, 0.27, 0.32, 0.25, 0.33, 0.22, 0.3]","[52.62, 34.97, 9.31, -16.52, -20.67, -22.79, -2.53, 2.58, -11.12, -1.19, -6.87, -0.96]",80.0,0.4,5Jux7nevG4VaJNfI6jKoka
6Qb7gtV6Q4MnUjSbkFcopl,50 Ways to Leave Your Lover,medium_term,5.636363636363637,6Qb7gtV6Q4MnUjSbkFcopl,0.372,0.815,-12.814,0.293,101.684,1,0.0752,0.166,0.000116,217347,4,"[0.49, 0.5, 0.33, 0.3, 0.33, 0.27, 0.34, 0.4, 0.27, 0.3, 0.33, 0.33]","[37.33, 13.4, -63.57, 2.14, 14.86, -21.64, -16.91, -8.25, -2.25, 0.3, -12.6, -0.72]",88.88888888888889,0.7,6Qb7gtV6Q4MnUjSbkFcopl
6SmXMbewOprbmUEWNxXH61,There Is No Need To Fear The End,medium_term,5.575757575757576,6SmXMbewOprbmUEWNxXH61,0.367,0.272,-11.993,0.0705,107.726,1,0.037,0.0226,0.517,337024,5,"[0.32, 0.25, 0.37, 0.14, 0.23, 0.44, 0.24, 0.25, 0.16, 0.38, 0.25, 0.14]","[46.42, -11.23, 8.99, -23.66, 15.12, -34.21, 2.01, 0.57, -1.9, -1.28, -5.27, -5.01]",90.9090909090909,0.67,6SmXMbewOprbmUEWNxXH61
4uNHhyYgUJT6e4s5zpNypt,Estranged From Itself,medium_term,5.454545454545455,4uNHhyYgUJT6e4s5zpNypt,0.534,0.161,-8.821,0.13,102.018,1,0.0304,0.00463,0.0226,287426,4,"[0.26, 0.54, 0.32, 0.33, 0.25, 0.48, 0.52, 0.22, 0.16, 0.14, 0.37, 0.21]","[49.45, 4.93, 5.86, -20.06, 12.23, -32.72, 4.29, 0.85, 2.52, 1.07, -7.59, -6.04]",88.88888888888889,0.55,4uNHhyYgUJT6e4s5zpNypt
1UYj8qTWjneZJDVjUMwMub,The Moment,medium_term,5.3939393939393945,1UYj8qTWjneZJDVjUMwMub,0.827,0.547,-6.036,0.451,119.089,1,0.0468,0.000296,0.101,255413,4,"[0.38, 0.39, 0.3, 0.18, 0.28, 0.31, 0.56, 0.56, 0.39, 0.41, 0.33, 0.38]","[50.83, 39.71, -4.02, -9.43, 4.7, -36.81, 12.6, 3.37, -14.59, -2.09, -4.78, 0.3]",83.33333333333333,0.43,1UYj8qTWjneZJDVjUMwMub
2KBHg10JyF2MMjg3l0CFoY,It's Only A Band,medium_term,5.333333333333333,2KBHg10JyF2MMjg3l0CFoY,0.798,0.494,-7.142,0.763,149.98,0,0.0333,0.0185,0.0,211236,4,"[0.36, 0.43, 0.38, 0.25, 0.44, 0.23, 0.36, 0.3, 0.27, 0.53, 0.28, 0.41]","[50.01, 32.49, -3.13, -13.19, 17.2, -28.72, -4.69, -2.38, -11.7, 0.93, -5.69, -7.65]",66.66666666666667,0.22,2KBHg10JyF2MMjg3l0CFoY
3I7OmVsk4Hm5LBbs2GmhlD,Reality In Motion,medium_term,5.2727272727272725,3I7OmVsk4Hm5LBbs2GmhlD,0.915,0.536,-4.993,0.472,115.037,1,0.0581,0.154,0.000788,252027,4,"[0.27, 0.45, 0.38, 0.25, 0.39, 0.32, 0.45, 0.52, 0.41, 0.54, 0.26, 0.36]","[52.3, 32.96, -0.24, -17.1, 28.05, -30.24, -9.74, -2.96, -7.23, -5.64, -4.85, 5.93]",83.33333333333333,0.67,3I7OmVsk4Hm5LBbs2GmhlD
4Qzwf6gvIwVEq1z3nLgaTy,The Dawns Here Are Quiet,medium_term,5.212121212121212,4Qzwf6gvIwVEq1z3nLgaTy,0.386,0.146,-11.001,0.156,95.998,0,0.0362,0.211,0.79,287924,4,"[0.42, 0.31, 0.26, 0.18, 0.22, 0.43, 0.3, 0.45, 0.32, 0.26, 0.24, 0.18]","[46.08, -40.89, -17.88, -31.89, 7.24, -35.84, 15.71, 2.7, -0.9, -0.22, -6.41, -3.09]",80.0,0.56,4Qzwf6gvIwVEq1z3nLgaTy
4j4DlIxdxYM6dADdVkn1QP,Too Much Money,medium_term,5.090909090909091,4j4DlIxdxYM6dADdVkn1QP,0.623,0.515,-6.484,0.234,180.044,1,0.0267,0.00129,0.371,136440,4,"[0.17, 0.23, 0.27, 0.27, 0.91, 0.31, 0.12, 0.1, 0.11, 0.1, 0.08, 0.2]","[49.46, 50.43, -50.48, -27.92, -17.11, -25.75, -15.8, -0.42, -0.84, -4.07, -6.11, -0.09]",0.0,1.0,4j4DlIxdxYM6dADdVkn1QP
51PL1ACfxtpfHtkm7XprSc,It's Only Money,medium_term,4.96969696969697,51PL1ACfxtpfHtkm7XprSc,0.665,0.646,-14.221,0.718,163.738,0,0.219,0.0562,0.00624,167827,4,"[0.46, 0.48, 0.43, 0.46, 0.58, 0.39, 0.36, 0.42, 0.34, 0.5, 0.3, 0.36]","[41.44, 34.56, -19.42, 5.34, 7.68, -9.18, -9.25, 12.23, -1.13, 0.43, -9.97, 3.55]",90.0,0.3,51PL1ACfxtpfHtkm7XprSc
7qU7vhCPKhkDiJYGoboISc,Apocalypse Dreams,medium_term,4.848484848484849,7qU7vhCPKhkDiJYGoboISc,0.929,0.496,-2.279,0.267,127.998,1,0.0503,0.249,0.131,356947,4,"[0.33, 0.46, 0.38, 0.43, 0.32, 0.4, 0.31, 0.39, 0.26, 0.29, 0.46, 0.27]","[54.57, 51.19, 51.8, -2.29, 33.42, -26.94, -0.23, 6.08, 5.85, -1.39, -5.81, -0.64]",85.71428571428571,0.87,7qU7vhCPKhkDiJYGoboISc
5sd11hcjO90FHHxYVNkQFY,California 1986,medium_term,4.787878787878787,5sd11hcjO90FHHxYVNkQFY,0.576,0.355,-12.668,0.162,165.977,1,0.0416,0.0868,0.954,182493,4,"[0.57, 0.43, 0.24, 0.23, 0.22, 0.32, 0.32, 0.46, 0.42, 0.28, 0.22, 0.22]","[43.51, -62.7, -3.36, -18.7, 5.94, -38.01, 12.2, 4.46, -2.22, -2.4, -6.84, -3.58]",87.5,0.75,5sd11hcjO90FHHxYVNkQFY
4XitfDhOTxlO0OEJuquNUa,Rakıya Su Katamam,medium_term,4.727272727272727,4XitfDhOTxlO0OEJuquNUa,0.837,0.472,-8.617,0.812,87.785,1,0.0647,0.0514,0.0288,220143,4,"[0.47, 0.51, 0.54, 0.42, 0.31, 0.27, 0.36, 0.43, 0.27, 0.36, 0.32, 0.3]","[48.15, -2.12, 19.0, -2.72, 3.54, -22.58, 7.21, 4.76, -9.25, -3.14, -9.77, -7.03]",80.0,0.75,4XitfDhOTxlO0OEJuquNUa
0DiWol3AO6WpXZgp0goxAV,One More Time,medium_term,4.666666666666666,0DiWol3AO6WpXZgp0goxAV,0.697,0.613,-8.618,0.476,122.746,1,0.133,0.0194,0.0,320357,4,"[0.36, 0.44, 0.54, 0.22, 0.38, 0.28, 0.52, 0.53, 0.38, 0.51, 0.31, 0.37]","[45.92, 73.37, 2.5, -9.51, 31.32, -28.89, -2.41, 2.18, -19.41, 0.82, -7.58, 6.2]",88.88888888888889,0.79,0DiWol3AO6WpXZgp0goxAV
1zlUQHKfgo8gMFvegX4S6s,At Sea,medium_term,4.6060606060606055,1zlUQHKfgo8gMFvegX4S6s,0.593,0.509,-9.933,0.156,183.97,1,0.0449,0.472,0.906,216548,4,"[0.54, 0.72, 0.6, 0.37, 0.33, 0.28, 0.35, 0.39, 0.26, 0.33, 0.17, 0.27]","[43.28, -53.96, -54.41, -8.8, 7.4, -40.52, -5.33, -14.47, 10.14, 2.7, -8.77, 7.88]",83.33333333333333,0.91,1zlUQHKfgo8gMFvegX4S6s
3ZmQ6V3YR9aWnFFe1wJeHa,Outer Space,medium_term,4.545454545454545,3ZmQ6V3YR9aWnFFe1wJeHa,0.707,0.483,-8.198,0.582,159.956,0,0.0297,0.000221,0.321,225966,4,"[0.45, 0.39, 0.24, 0.34, 0.29, 0.43, 0.36, 0.34, 0.37, 0.22, 0.3, 0.24]","[48.17, 3.55, 9.99, -2.61, 15.01, -39.52, 21.3, 7.87, 3.41, -1.22, -5.58, -11.12]",75.0,0.33,3ZmQ6V3YR9aWnFFe1wJeHa
3zsRUTrHvbJB8kU5KUBYgV,Eliasong,medium_term,4.484848484848484,3zsRUTrHvbJB8kU5KUBYgV,0.181,0.211,-16.895,0.164,79.827,0,0.0322,0.92,0.891,204800,4,"[0.17, 0.52, 0.29, 0.43, 0.25, 0.22, 0.38, 0.18, 0.51, 0.34, 0.2, 0.16]","[39.97, -46.07, 43.18, -10.72, 27.28, -30.49, -9.75, -0.28, -12.85, -4.52, 1.63, 6.82]",87.5,0.4,3zsRUTrHvbJB8kU5KUBYgV
4M79cLY4GkP14mwuytdzHj,Dern Kala - Live at RBC Echo Beach,medium_term,4.424242424242424,4M79cLY4GkP14mwuytdzHj,0.92,0.498,-7.85,0.616,94.151,1,0.0429,0.000389,0.83,214173,4,"[0.37, 0.38, 0.35, 0.24, 0.41, 0.28, 0.36, 0.33, 0.32, 0.48, 0.37, 0.44]","[47.92, 34.79, 45.63, 5.86, -27.83, -27.38, 14.54, 11.41, -22.23, -8.43, 1.81, -1.72]",83.33333333333333,0.5,4M79cLY4GkP14mwuytdzHj
5uDdyVU0jDST7xmuOqpnC3,Retina Show - Unreleased Demo,medium_term,4.363636363636363,5uDdyVU0jDST7xmuOqpnC3,0.807,0.571,-6.584,0.388,104.973,1,0.06,0.187,0.00148,322307,4,"[0.46, 0.38, 0.42, 0.37, 0.36, 0.35, 0.26, 0.33, 0.32, 0.46, 0.49, 0.34]","[47.46, 46.94, 11.02, -12.24, 35.31, -28.23, -6.65, 0.01, -3.51, 0.74, -7.3, 0.26]",90.0,0.85,5uDdyVU0jDST7xmuOqpnC3
7EUEl5wJb8VI777UAUvRnH,Brain Damage - 2011 Remastered Version,medium_term,4.303030303030303,7EUEl5wJb8VI777UAUvRnH,0.179,0.319,-17.635,0.259,133.708,1,0.0315,0.0634,0.181,225827,4,"[0.24, 0.38, 0.56, 0.19, 0.22, 0.21, 0.28, 0.33, 0.21, 0.37, 0.15, 0.2]","[37.32, 2.54, 23.77, -13.63, -4.55, -23.88, 10.62, 2.04, -11.16, -3.33, -8.58, -2.49]",90.9090909090909,0.92,7EUEl5wJb8VI777UAUvRnH
1usvtV2D0EBPb7Rk1l0PwQ,The Smoke,medium_term,4.242424242424242,1usvtV2D0EBPb7Rk1l0PwQ,0.636,0.705,-12.483,0.74,93.392,0,0.037,0.724,0.777,219727,4,"[0.4, 0.4, 0.37, 0.27, 0.44, 0.33, 0.34, 0.32, 0.24, 0.26, 0.23, 0.37]","[40.59, -99.59, -94.42, -9.41, 2.61, -27.56, 0.12, -22.78, -1.98, -0.08, -14.54, -0.81]",87.5,0.4,1usvtV2D0EBPb7Rk1l0PwQ
76xj15f8LzACqP5f1bs9SG,Hode,medium_term,4.121212121212121,76xj15f8LzACqP5f1bs9SG,0.304,0.654,-18.558,0.253,150.007,0,0.0374,0.975,0.965,181787,4,"[0.26, 0.45, 0.18, 0.47, 0.18, 0.29, 0.43, 0.22, 0.22, 0.17, 0.56, 0.35]","[35.54, -189.52, -41.17, -1.46, 42.54, -37.23, -8.27, -10.72, -5.47, -2.41, -6.42, 0.18]",83.33333333333334,0.78,76xj15f8LzACqP5f1bs9SG
1drLQNS9D5z9lBP4DbtO2R,Saturday Sun,medium_term,4.0606060606060606,1drLQNS9D5z9lBP4DbtO2R,0.121,0.546,-20.259,0.144,127.122,1,0.0343,0.966,0.011,245013,3,"[0.48, 0.22, 0.3, 0.19, 0.28, 0.14, 0.22, 0.49, 0.18, 0.36, 0.19, 0.27]","[34.06, -103.49, -46.94, -26.88, 45.22, -25.83, -11.52, -8.54, -5.98, -0.8, -10.79, 0.29]",75.0,0.9,1drLQNS9D5z9lBP4DbtO2R
1usL7pG5XVHub0QIoJ1Lrt,Last of the Loving,medium_term,4.0,1usL7pG5XVHub0QIoJ1Lrt,0.649,0.737,-8.073,0.514,122.932,1,0.0371,0.685,0.0112,172163,4,"[0.28, 0.46, 0.25, 0.46, 0.3, 0.38, 0.49, 0.29, 0.45, 0.22, 0.29, 0.16]","[45.52, -61.77, -22.57, -14.0, 22.16, -13.03, 15.35, 3.31, -11.59, -16.96, -12.77, 4.23]",75.0,0.89,1usL7pG5XVHub0QIoJ1Lrt
2TBRfDnfwsOIaGxkkXFBN2,Metal Militia - Remastered,medium_term,3.939393939393939,2TBRfDnfwsOIaGxkkXFBN2,0.957,0.166,-5.323,0.235,175.828,1,0.142,8.66e-05,0.00724,311467,4,"[0.72, 0.77, 0.46, 0.45, 0.44, 0.4, 0.34, 0.37, 0.34, 0.42, 0.34, 0.32]","[52.17, 104.55, 7.32, -18.92, -1.32, -30.51, -7.18, 5.37, -4.44, 5.66, -9.26, -3.04]",85.71428571428571,0.88,2TBRfDnfwsOIaGxkkXFBN2
3EEzQDCP8jRl2pEt9eDKMO,I Follow You,medium_term,3.878787878787879,3EEzQDCP8jRl2pEt9eDKMO,0.78,0.41,-4.941,0.727,100.452,0,0.0327,0.0174,0.408,215587,4,"[0.44, 0.27, 0.4, 0.19, 0.44, 0.29, 0.22, 0.46, 0.25, 0.43, 0.2, 0.43]","[53.49, 40.19, 59.46, -0.56, 21.25, -28.49, 6.72, -1.2, -6.54, -4.99, -3.51, 2.29]",80.0,0.33,3EEzQDCP8jRl2pEt9eDKMO
3boC2M1D82RuRJhUOkSHtg,Answering Machine,medium_term,3.757575757575758,3boC2M1D82RuRJhUOkSHtg,0.27,0.582,-16.129,0.0398,119.923,1,0.0336,0.829,0.864,309000,4,"[0.14, 0.75, 0.13, 0.11, 0.38, 0.11, 0.09, 0.07, 0.29, 0.23, 0.11, 0.18]","[38.38, -93.89, -5.2, -10.04, 22.94, -28.34, 5.82, 0.71, -6.58, -5.89, -3.67, 4.17]",92.3076923076923,0.6,3boC2M1D82RuRJhUOkSHtg
3qOVqTjkuX5F0iJNdeyOyR,"O Welt, sieh' hier dein Leben, BWV 395",medium_term,3.696969696969697,3qOVqTjkuX5F0iJNdeyOyR,0.155,0.139,-19.161,0.206,77.053,1,0.0428,0.99,0.000637,49520,1,"[0.43, 0.31, 0.18, 0.47, 0.21, 0.34, 0.13, 0.28, 0.45, 0.17, 0.4, 0.15]","[36.59, -56.87, 32.84, -17.05, 34.87, -27.45, -19.21, 0.16, -1.16, -1.16, -2.69, 6.79]",50.0,1.0,3qOVqTjkuX5F0iJNdeyOyR
3zMvotMEQK3xvH01vA9wAP,Too Long,medium_term,3.5757575757575752,3zMvotMEQK3xvH01vA9wAP,0.582,0.692,-10.164,0.513,127.017,0,0.301,0.00211,0.0,600293,4,"[0.57, 0.62, 0.36, 0.41, 0.43, 0.5, 0.35, 0.37, 0.37, 0.27, 0.27, 0.26]","[42.13, 71.04, -5.67, 1.06, 1.03, -30.53, -11.88, 2.5, -19.04, 2.96, -10.72, -3.66]",91.66666666666667,0.57,3zMvotMEQK3xvH01vA9wAP
5L1GLFsOTrC9mDjvk4TzeM,Deadcruiser,medium_term,3.5151515151515147,5L1GLFsOTrC9mDjvk4TzeM,0.699,0.517,-6.929,0.407,176.034,1,0.0507,0.00108,0.837,213200,4,"[0.56, 0.43, 0.23, 0.16, 0.17, 0.25, 0.28, 0.23, 0.35, 0.35, 0.62, 0.42]","[49.59, 53.97, -32.88, -11.29, 11.13, -34.65, 5.35, 0.18, -1.75, 5.42, -15.22, 4.02]",83.33333333333333,0.75,5L1GLFsOTrC9mDjvk4TzeM
5P54gaORO9yFiQ6PO28v6T,Düsseldorf,medium_term,3.454545454545454,5P54gaORO9yFiQ6PO28v6T,0.128,0.196,-23.197,0.0364,124.011,0,0.0396,0.879,0.682,278000,4,"[0.32, 0.83, 0.17, 0.37, 0.71, 0.1, 0.05, 0.2, 0.61, 0.07, 0.11, 0.26]","[35.63, -187.7, -42.35, -39.72, 2.2, -36.69, 1.4, -2.15, 5.74, 0.2, -2.23, 0.94]",80.0,0.75,5P54gaORO9yFiQ6PO28v6T
5lcqXXSHHdEsugnaAYWOtC,Yüce Dağ Başında,medium_term,3.3939393939393936,5lcqXXSHHdEsugnaAYWOtC,0.569,0.823,-9.301,0.831,111.974,0,0.0498,0.0571,0.00242,258316,4,"[0.68, 0.54, 0.33, 0.31, 0.31, 0.29, 0.25, 0.4, 0.24, 0.27, 0.36, 0.26]","[45.11, 14.77, -15.44, 31.9, 20.67, -29.07, -10.85, -2.04, -8.44, 6.29, -13.89, 0.63]",90.0,0.5,5lcqXXSHHdEsugnaAYWOtC
6bnmRsdxYacqLSlS36EJT6,Rich Woman,medium_term,3.333333333333333,6bnmRsdxYacqLSlS36EJT6,0.518,0.733,-9.889,0.652,127.646,0,0.0496,0.181,0.763,243480,4,"[0.49, 0.63, 0.38, 0.31, 0.24, 0.3, 0.17, 0.16, 0.24, 0.23, 0.5, 0.35]","[44.0, -24.53, -25.48, -14.86, -2.07, -17.25, 3.42, 5.48, 5.04, 1.31, -10.3, -3.55]",80.0,0.29,6bnmRsdxYacqLSlS36EJT6
78F8VyxSsuZZwVFHrkKMMl,One Time Villain,medium_term,3.2727272727272725,78F8VyxSsuZZwVFHrkKMMl,0.648,0.391,-10.422,0.455,103.836,1,0.029,0.0448,0.813,191512,4,"[0.48, 0.34, 0.25, 0.24, 0.24, 0.68, 0.22, 0.21, 0.12, 0.21, 0.31, 0.2]","[44.83, -27.84, 36.73, -6.46, 1.08, -33.77, 22.61, 2.9, -19.19, -7.0, -4.25, -6.86]",50.00000000000001,0.88,78F8VyxSsuZZwVFHrkKMMl
7kzZwlkzIjVTgH9gbzsqe4,Night Game,medium_term,3.212121212121212,7kzZwlkzIjVTgH9gbzsqe4,0.0408,0.478,-22.193,0.158,108.029,1,0.0343,0.959,0.0326,177640,1,"[0.14, 0.2, 0.33, 0.13, 0.27, 0.17, 0.24, 0.22, 0.14, 0.34, 0.18, 0.23]","[32.17, -110.7, -49.51, -39.58, 15.89, -23.27, -12.21, -0.5, 2.18, -3.02, -8.25, 1.57]",80.0,0.78,7kzZwlkzIjVTgH9gbzsqe4
0RAXoT7hwOoqAXI95ryxT5,RYDEEN,medium_term,3.1515151515151514,0RAXoT7hwOoqAXI95ryxT5,0.855,0.554,-6.506,0.895,142.77,0,0.0368,8.19e-05,0.807,266360,4,"[0.45, 0.47, 0.44, 0.29, 0.3, 0.4, 0.33, 0.35, 0.31, 0.34, 0.39, 0.27]","[50.68, 96.41, -27.04, -9.04, -5.39, -41.18, -9.07, -7.55, -4.51, 4.07, -9.57, 4.74]",91.66666666666667,0.54,0RAXoT7hwOoqAXI95ryxT5
3GO6bT0b1sdInk1KPCK64d,Cómo Me Quieres,medium_term,3.090909090909091,3GO6bT0b1sdInk1KPCK64d,0.536,0.55,-10.045,0.539,85.458,1,0.0423,0.00612,0.884,225154,4,"[0.41, 0.41, 0.22, 0.26, 0.2, 0.27, 0.29, 0.19, 0.38, 0.26, 0.49, 0.38]","[43.76, 23.32, 39.94, 9.73, -33.07, -21.74, 17.1, 1.18, -31.81, -10.1, -3.65, 1.22]",87.5,0.5,3GO6bT0b1sdInk1KPCK64d
3k4qL0KJ2AJu6uJQIEJFwG,My Sight Now Blurs,medium_term,3.0303030303030303,3k4qL0KJ2AJu6uJQIEJFwG,0.507,0.391,-11.359,0.145,93.874,0,0.0346,0.294,0.709,383062,4,"[0.37, 0.48, 0.43, 0.32, 0.42, 0.61, 0.43, 0.35, 0.23, 0.34, 0.31, 0.19]","[44.49, -43.44, -19.4, -27.73, 5.49, -34.73, 5.97, 1.9, -3.72, -2.73, -4.35, 3.8]",87.5,0.45,3k4qL0KJ2AJu6uJQIEJFwG
6e2lpz6DZ2T8Sofc3Myntn,Electrocution,medium_term,2.9696969696969697,6e2lpz6DZ2T8Sofc3Myntn,0.725,0.722,-6.576,0.197,114.076,0,0.0413,0.145,0.19,150147,4,"[0.12, 0.13, 0.07, 0.14, 0.11, 0.24, 0.45, 0.25, 0.53, 0.14, 0.3, 0.09]","[47.9, 28.26, -55.93, -6.63, 2.92, -25.03, -18.68, -19.5, -4.81, -3.52, -10.97, 0.99]",75.0,0.4,6e2lpz6DZ2T8Sofc3Myntn
39RKlCfLoqb8o2aXfpVfjW,Mein Teil,medium_term,2.909090909090909,39RKlCfLoqb8o2aXfpVfjW,0.959,0.47,-4.338,0.199,88.0,1,0.075,0.00535,0.0101,272413,4,"[0.51, 0.53, 0.6, 0.42, 0.4, 0.35, 0.29, 0.35, 0.32, 0.55, 0.42, 0.33]","[50.99, 53.51, 38.36, -6.06, 15.4, -27.3, -5.82, 1.2, -8.05, 0.65, -5.13, 5.09]",87.5,0.8,39RKlCfLoqb8o2aXfpVfjW
08tMAd1ZawFgKaOZRJ3SHq,Andiamo,medium_term,2.787878787878788,08tMAd1ZawFgKaOZRJ3SHq,0.803,0.825,-8.624,0.461,110.006,1,0.109,0.00424,0.85,608363,4,"[0.46, 0.62, 0.32, 0.38, 0.44, 0.45, 0.62, 0.52, 0.5, 0.35, 0.3, 0.3]","[43.68, -21.55, -59.41, 38.13, 23.53, -35.03, 11.27, -15.72, -2.05, 1.89, -16.04, -4.21]",94.11764705882354,0.59,08tMAd1ZawFgKaOZRJ3SHq
0HQutwU8PQkE83Uy0ZA0Qc,The Foundation (feat. Cola Boyy),medium_term,2.7272727272727275,0HQutwU8PQkE83Uy0ZA0Qc,0.609,0.779,-10.101,0.832,140.018,0,0.0367,0.432,0.0994,329920,4,"[0.38, 0.63, 0.25, 0.28, 0.35, 0.21, 0.31, 0.21, 0.4, 0.23, 0.17, 0.5]","[42.43, -53.13, -25.89, 11.77, 16.97, -22.59, -2.47, -11.66, -4.01, -3.97, -7.08, 1.98]",90.0,0.54,0HQutwU8PQkE83Uy0ZA0Qc
0YkXS08XWec5QzrGaxgnrr,Highway,medium_term,2.666666666666666,0YkXS08XWec5QzrGaxgnrr,0.669,0.766,-8.183,0.689,129.984,1,0.0479,0.0711,0.813,227387,4,"[0.31, 0.61, 0.82, 0.22, 0.16, 0.31, 0.2, 0.29, 0.16, 0.34, 0.1, 0.12]","[48.12, 22.55, -59.2, 15.92, 3.38, -23.56, -15.07, -31.57, -3.62, -8.04, -15.69, 1.93]",87.5,1.0,0YkXS08XWec5QzrGaxgnrr
15f16lrsDzFeNpHYBTzHLI,Sex,medium_term,2.606060606060605,15f16lrsDzFeNpHYBTzHLI,0.93,0.608,-3.97,0.432,123.018,1,0.0604,0.000561,0.00175,236529,4,"[0.63, 0.53, 0.34, 0.42, 0.35, 0.39, 0.36, 0.46, 0.37, 0.3, 0.34, 0.32]","[51.8, 71.27, 2.67, -12.2, -1.69, -32.62, -11.35, 0.75, -10.86, 3.06, -4.96, 1.78]",88.88888888888889,0.6,15f16lrsDzFeNpHYBTzHLI
1IAt7Kf1VVikc2VspMTKrl,Doktor Civanım,medium_term,2.545454545454545,1IAt7Kf1VVikc2VspMTKrl,0.718,0.685,-10.227,0.871,127.996,1,0.0381,0.00252,0.381,235746,4,"[0.48, 0.6, 0.47, 0.36, 0.4, 0.47, 0.33, 0.32, 0.3, 0.37, 0.24, 0.22]","[43.36, -9.74, -22.2, 23.24, 5.66, -45.69, 6.28, -0.5, -2.12, 7.22, -7.4, -5.74]",87.5,0.62,1IAt7Kf1VVikc2VspMTKrl
1IbmFWmIEZJVefbwox883w,"Sonata in E-Flat, BWV 1031: Siciliana",medium_term,2.4848484848484844,1IbmFWmIEZJVefbwox883w,0.0313,0.304,-25.56,0.33,103.913,0,0.0498,0.977,0.186,130240,3,"[0.26, 0.09, 0.24, 0.18, 0.11, 0.21, 0.15, 0.3, 0.05, 0.24, 0.23, 0.05]","[32.47, -17.27, 105.12, 14.09, 49.81, -20.21, -6.73, 0.57, -9.4, -3.34, -6.5, -16.81]",80.0,0.5,1IbmFWmIEZJVefbwox883w
1RcKa3TDe9zGeb33BwqYGU,Lady and Man,medium_term,2.424242424242424,1RcKa3TDe9zGeb33BwqYGU,0.691,0.728,-7.948,0.905,82.204,1,0.0583,0.000716,0.826,258044,4,"[0.45, 0.36, 0.25, 0.19, 0.34, 0.23, 0.39, 0.4, 0.39, 0.44, 0.35, 0.3]","[44.26, 5.61, -11.47, 27.35, -24.18, -13.64, 2.7, -6.6, -26.88, -16.23, -2.81, -7.38]",83.33333333333333,1.0,1RcKa3TDe9zGeb33BwqYGU
1TyFCZXBjkGWdwkGI077eK,Middle Ages,medium_term,2.363636363636364,1TyFCZXBjkGWdwkGI077eK,0.642,0.53,-10.687,0.274,129.997,1,0.0355,0.0262,0.843,162241,4,"[0.51, 0.53, 0.31, 0.12, 0.2, 0.16, 0.17, 0.41, 0.2, 0.34, 0.12, 0.18]","[46.0, -13.06, -6.63, -5.25, 6.94, -44.75, 7.03, 3.11, 6.0, 8.67, -6.29, -1.88]",87.5,0.8,1TyFCZXBjkGWdwkGI077eK
1v0ufp7FLTFcykUGOmFZKa,Daffodils (feat. Kevin Parker),medium_term,2.3030303030303028,1v0ufp7FLTFcykUGOmFZKa,0.538,0.724,-8.041,0.282,108.945,1,0.0381,0.0408,0.0139,298133,4,"[0.58, 0.53, 0.46, 0.32, 0.32, 0.38, 0.26, 0.31, 0.19, 0.27, 0.16, 0.22]","[45.54, -0.91, 0.72, -0.39, 25.17, -26.06, 0.06, -1.91, 1.58, -3.61, -11.23, -8.45]",91.66666666666667,0.93,1v0ufp7FLTFcykUGOmFZKa
39REtYE2JZXm9Bmo8JJrrV,I Do It for Your Love,medium_term,2.1818181818181817,39REtYE2JZXm9Bmo8JJrrV,0.349,0.483,-13.138,0.179,76.941,0,0.0317,0.832,0.00211,215200,4,"[0.25, 0.36, 0.31, 0.28, 0.39, 0.29, 0.32, 0.25, 0.23, 0.29, 0.21, 0.26]","[41.94, -28.61, -1.78, -18.88, 25.08, -25.62, -11.33, -1.66, -1.14, 0.65, -4.14, 5.24]",91.66666666666667,0.83,39REtYE2JZXm9Bmo8JJrrV
3d3k8g4GTVx9EFIFlOZOEX,Zeig dich,medium_term,2.121212121212121,3d3k8g4GTVx9EFIFlOZOEX,0.942,0.545,-4.283,0.365,165.066,0,0.0417,0.00108,0.0246,255845,4,"[0.58, 0.6, 0.5, 0.39, 0.3, 0.33, 0.3, 0.4, 0.3, 0.28, 0.3, 0.27]","[51.87, 56.44, -3.76, -17.81, -9.71, -23.69, -0.05, 2.22, -9.13, 2.88, -10.1, 2.38]",90.0,0.67,3d3k8g4GTVx9EFIFlOZOEX
3lApcJC16V67JIJE7CCfth,Too Many People - 2012 Remaster,medium_term,2.060606060606061,3lApcJC16V67JIJE7CCfth,0.675,0.433,-8.986,0.54,95.052,1,0.0325,0.146,0.00251,250667,4,"[0.37, 0.31, 0.34, 0.28, 0.3, 0.31, 0.36, 0.78, 0.38, 0.31, 0.24, 0.28]","[47.51, 11.01, 4.76, -12.12, 3.47, -21.61, 2.43, -4.36, -20.76, -7.12, -7.24, 0.08]",90.9090909090909,0.92,3lApcJC16V67JIJE7CCfth
3obrfotpr4kLCKiOu2GZ4Q,My Little Town,medium_term,2.0,3obrfotpr4kLCKiOu2GZ4Q,0.535,0.665,-7.766,0.429,122.126,1,0.0308,0.468,0.00156,231947,4,"[0.28, 0.4, 0.38, 0.2, 0.34, 0.32, 0.36, 0.25, 0.23, 0.37, 0.22, 0.34]","[43.87, -3.39, -11.55, -13.05, 9.96, -20.05, 1.96, -0.12, -2.85, -3.14, -7.48, 1.28]",88.88888888888889,0.64,3obrfotpr4kLCKiOu2GZ4Q
2E638Wy85ULliAXTQEFET0,The Border,long_term,10.0,2E638Wy85ULliAXTQEFET0,0.522,0.623,-11.769,0.356,104.998,1,0.0372,0.168,0.765,289507,4,"[0.71, 0.33, 0.16, 0.14, 0.16, 0.3, 0.19, 0.32, 0.2, 0.23, 0.36, 0.25]","[43.12, -53.22, -42.23, -11.02, -3.39, -33.74, -4.29, -12.5, -0.42, -5.0, -5.72, 4.74]",83.33333333333333,0.89,2E638Wy85ULliAXTQEFET0
6ZHaA7gE78xjsJ9MZCBw8x,Awake,long_term,9.93939393939394,6ZHaA7gE78xjsJ9MZCBw8x,0.633,0.176,-8.904,0.122,90.807,1,0.037,0.0293,0.0141,323328,4,"[0.48, 0.59, 0.25, 0.23, 0.31, 0.57, 0.43, 0.4, 0.26, 0.18, 0.26, 0.17]","[48.54, 0.59, 7.13, -20.17, 24.34, -31.09, 8.81, 3.85, 1.54, -0.98, -7.78, -1.37]",90.0,0.54,6ZHaA7gE78xjsJ9MZCBw8x
0uoHVRsDwVHtzYLMvRkxtC,Automatic,long_term,9.87878787878788,0uoHVRsDwVHtzYLMvRkxtC,0.305,0.827,-10.778,0.165,100.009,1,0.0455,0.0752,0.813,521153,4,"[0.89, 0.47, 0.2, 0.18, 0.15, 0.16, 0.11, 0.17, 0.13, 0.13, 0.27, 0.41]","[42.25, -45.37, -65.5, 24.29, 19.29, -34.82, 2.96, -8.32, -4.82, -5.95, -16.43, 9.22]",92.85714285714286,0.7,0uoHVRsDwVHtzYLMvRkxtC
2Ghp894n1laIf2w98VeAOJ,How Do I Make You Love Me?,long_term,9.818181818181818,2Ghp894n1laIf2w98VeAOJ,0.498,0.805,-7.927,0.636,121.006,0,0.0737,0.0203,2.37e-05,214215,4,"[0.66, 0.53, 0.41, 0.26, 0.29, 0.39, 0.36, 0.47, 0.3, 0.3, 0.33, 0.35]","[45.87, 64.23, -18.29, 13.31, 5.33, -21.13, -10.57, -7.04, -7.75, 9.91, -15.56, 3.21]",83.33333333333333,0.44,2Ghp894n1laIf2w98VeAOJ
6kWzCCAghrDeVFZSKgYVGL,"Mass in B Minor, BWV 232: Kyrie: Kyrie eleison (Chorus)",long_term,9.757575757575758,6kWzCCAghrDeVFZSKgYVGL,0.115,0.151,-20.178,0.0715,101.468,0,0.0398,0.978,0.662,639173,4,"[0.42, 0.33, 0.17, 0.27, 0.16, 0.45, 0.21, 0.24, 0.27, 0.18, 0.41, 0.13]","[36.45, -13.64, 74.2, -1.78, 39.3, -27.57, -14.36, -1.53, -0.32, 0.59, -3.11, 1.41]",92.85714285714286,0.24,6kWzCCAghrDeVFZSKgYVGL
5gOGfvrnGJAMqwUW7aX47z,Ti I Ya (feat. Kate NV),long_term,9.696969696969695,5gOGfvrnGJAMqwUW7aX47z,0.503,0.78,-10.213,0.609,144.013,0,0.0427,0.601,0.779,201107,4,"[0.31, 0.31, 0.3, 0.14, 0.23, 0.17, 0.3, 0.13, 0.16, 0.41, 0.23, 0.63]","[42.51, -47.12, -37.14, 9.14, 21.25, -27.6, -4.23, -19.63, -6.71, 1.22, -8.81, 1.35]",80.0,0.5,5gOGfvrnGJAMqwUW7aX47z
4iO9BCxZMLW1rkwUd4ui99,The Foundation,long_term,9.636363636363637,4iO9BCxZMLW1rkwUd4ui99,0.612,0.778,-10.106,0.835,140.021,0,0.0367,0.426,0.11,329920,4,"[0.38, 0.62, 0.25, 0.27, 0.35, 0.21, 0.31, 0.21, 0.4, 0.23, 0.17, 0.5]","[42.41, -53.06, -25.89, 11.85, 16.97, -22.69, -2.5, -11.64, -4.02, -3.95, -7.07, 2.0]",90.0,0.54,4iO9BCxZMLW1rkwUd4ui99
3kK4TTZX9HHjwVPEtaTjmP,Wake Me Up - Gaspard Augé and Victor Le Masne Remix,long_term,9.575757575757576,3kK4TTZX9HHjwVPEtaTjmP,0.927,0.55,-5.472,0.438,120.022,0,0.0542,0.00238,0.0212,230244,4,"[0.57, 0.56, 0.49, 0.4, 0.5, 0.56, 0.49, 0.61, 0.42, 0.54, 0.36, 0.33]","[51.16, 33.43, 32.33, 2.22, 18.9, -37.0, 18.48, -0.43, -16.93, -1.07, -2.94, 3.59]",75.0,0.2,3kK4TTZX9HHjwVPEtaTjmP
1nH2PkJL1XoUq8oE6tBZoU,Sacrifice,long_term,9.515151515151516,1nH2PkJL1XoUq8oE6tBZoU,0.795,0.735,-6.523,0.905,122.0,0,0.113,0.0296,3.18e-05,188918,4,"[0.54, 0.56, 0.38, 0.3, 0.39, 0.29, 0.37, 0.34, 0.31, 0.31, 0.26, 0.49]","[49.77, 24.83, -7.71, 2.51, 18.2, -25.85, -1.66, -0.11, 0.05, -0.15, -10.8, -1.47]",87.5,0.64,1nH2PkJL1XoUq8oE6tBZoU
0yUvqiD4ghjvfj3HVTZvlI,"Wenn wir in höchsten Nöten sein, BWV 641",long_term,9.454545454545457,0yUvqiD4ghjvfj3HVTZvlI,0.297,0.0681,-15.934,0.0667,67.497,1,0.042,0.884,0.81,143160,4,"[0.31, 0.37, 0.17, 0.43, 0.17, 0.21, 0.11, 0.26, 0.48, 0.13, 0.26, 0.09]","[43.39, -41.31, 41.47, -13.81, 3.09, -22.17, -12.11, -4.39, -4.79, -7.67, -3.85, -4.63]",66.66666666666666,1.0,0yUvqiD4ghjvfj3HVTZvlI
5oY6OqGZYMENBeP3qNVsZI,To The Island - Tame Impala Remix,long_term,9.393939393939394,5oY6OqGZYMENBeP3qNVsZI,0.867,0.491,-6.478,0.531,175.241,0,0.0479,0.111,0.0135,253082,3,"[0.41, 0.53, 0.4, 0.26, 0.34, 0.28, 0.46, 0.33, 0.38, 0.42, 0.32, 0.38]","[49.19, 16.23, -0.51, -5.76, 27.13, -33.74, -6.63, -0.36, -2.91, 0.89, -8.05, -1.94]",80.0,0.22,5oY6OqGZYMENBeP3qNVsZI
52D1GHTg22Gu3zmhbKyGyV,Back To Your Heart,long_term,9.333333333333334,52D1GHTg22Gu3zmhbKyGyV,0.385,0.689,-9.797,0.712,115.467,0,0.0291,0.315,0.0926,286867,3,"[0.37, 0.37, 0.23, 0.41, 0.26, 0.44, 0.22, 0.19, 0.27, 0.2, 0.4, 0.28]","[44.49, -41.13, -7.09, -3.88, 25.89, -26.24, 4.15, -3.22, -0.43, -5.33, -7.59, 6.56]",87.5,0.18,52D1GHTg22Gu3zmhbKyGyV
1KjLbuPsJmYdZJt0CsyVAg,405 - Metronomy x Biig Piig,long_term,9.272727272727272,1KjLbuPsJmYdZJt0CsyVAg,0.455,0.725,-10.154,0.437,129.987,1,0.0313,0.227,0.0615,265506,4,"[0.65, 0.52, 0.41, 0.25, 0.35, 0.22, 0.16, 0.22, 0.11, 0.17, 0.14, 0.37]","[43.92, -23.43, -51.26, -17.52, 19.14, -31.03, -3.49, -4.93, -8.65, -3.22, -10.7, -4.48]",87.5,0.75,1KjLbuPsJmYdZJt0CsyVAg
3KT55R6l6uDCsMxPlm1SVo,Good Day Today,long_term,9.212121212121213,3KT55R6l6uDCsMxPlm1SVo,0.606,0.823,-7.633,0.513,136.286,0,0.0819,0.0553,0.613,279080,3,"[0.65, 0.73, 0.35, 0.32, 0.43, 0.38, 0.29, 0.29, 0.22, 0.36, 0.24, 0.28]","[44.22, -1.74, -22.09, 23.55, -15.46, -30.43, -2.27, -14.47, -6.67, 6.24, -20.04, 2.98]",83.33333333333333,0.25,3KT55R6l6uDCsMxPlm1SVo
6cUhqXy7tB1nVbc1fqCnU5,ikke no å spare på,long_term,9.151515151515152,6cUhqXy7tB1nVbc1fqCnU5,0.647,0.34,-9.584,0.738,78.91,1,0.041,0.183,0.000115,248206,4,"[0.51, 0.57, 0.29, 0.33, 0.33, 0.32, 0.44, 0.22, 0.27, 0.3, 0.3, 0.43]","[47.8, 12.17, -12.57, -15.71, 11.25, -23.86, -0.55, -0.06, -4.82, 1.03, -7.67, 1.85]",85.71428571428571,0.56,6cUhqXy7tB1nVbc1fqCnU5
4P0Q5EfIdSPFhebNL8v7P8,Daddy's Groove,long_term,9.09090909090909,4P0Q5EfIdSPFhebNL8v7P8,0.422,0.7,-10.425,0.382,91.107,1,0.0465,0.898,0.835,192221,4,"[0.56, 0.54, 0.22, 0.53, 0.5, 0.19, 0.19, 0.25, 0.76, 0.59, 0.24, 0.23]","[42.49, -78.65, 6.18, 3.82, 16.77, -28.29, -11.93, -7.25, -10.17, -6.29, -2.83, 4.47]",50.0,0.8,4P0Q5EfIdSPFhebNL8v7P8
3sJQGz6WX2YIBaHsH3bRMq,Shadow,long_term,9.030303030303031,3sJQGz6WX2YIBaHsH3bRMq,0.539,0.591,-9.367,0.551,106.605,0,0.0266,0.012,0.588,224528,4,"[0.41, 0.43, 0.49, 0.21, 0.33, 0.17, 0.38, 0.43, 0.33, 0.4, 0.28, 0.51]","[44.17, -20.53, 17.57, -1.93, 2.01, -33.71, 23.01, 6.98, -8.7, -2.3, -2.2, 4.92]",87.5,0.5,3sJQGz6WX2YIBaHsH3bRMq
4IPnFWw8kNJ81R7qO3hq1L,Only My Honesty Matters,long_term,8.969696969696969,4IPnFWw8kNJ81R7qO3hq1L,0.338,0.971,-9.835,0.56,119.936,1,0.122,0.076,0.435,151053,4,"[0.58, 0.43, 0.25, 0.15, 0.2, 0.17, 0.3, 0.23, 0.24, 0.35, 0.29, 0.49]","[41.62, -39.92, -92.85, 13.08, -6.67, -23.53, -4.22, -13.71, -5.43, -8.17, -21.76, 7.42]",83.33333333333333,0.5,4IPnFWw8kNJ81R7qO3hq1L
0UtnpKaReKUg2GquaSxCyD,Money Trees,long_term,8.90909090909091,0UtnpKaReKUg2GquaSxCyD,0.531,0.716,-7.355,0.344,71.994,1,0.122,0.0703,0.0,386907,4,"[0.54, 0.51, 0.28, 0.27, 0.36, 0.3, 0.3, 0.32, 0.19, 0.19, 0.16, 0.27]","[46.18, 49.79, -34.98, -13.92, 35.68, -14.07, -13.53, -12.92, -11.56, 3.18, -18.59, -14.1]",88.88888888888889,0.67,0UtnpKaReKUg2GquaSxCyD
1swmf4hFMJYRNA8Rq9PVaW,Martha My Dear - Remastered 2009,long_term,8.848484848484848,1swmf4hFMJYRNA8Rq9PVaW,0.292,0.472,-11.591,0.824,177.624,1,0.0321,0.872,0.0007,148573,4,"[0.23, 0.15, 0.32, 0.23, 0.16, 0.29, 0.14, 0.32, 0.23, 0.27, 0.37, 0.13]","[43.4, 2.21, 23.07, 5.31, 18.37, -3.83, -19.12, -1.96, -6.07, -2.39, -11.8, 5.27]",85.71428571428571,0.5,1swmf4hFMJYRNA8Rq9PVaW
62prKsoAXdU3ZFT4eauTSb,La Oss Vandre I Lyset,long_term,8.787878787878787,62prKsoAXdU3ZFT4eauTSb,0.246,0.293,-7.079,0.123,113.395,1,0.0345,0.923,1.83e-06,197707,5,"[0.1, 0.4, 0.24, 0.1, 0.3, 0.09, 0.22, 0.08, 0.28, 0.44, 0.13, 0.23]","[48.75, 6.06, 42.02, -16.33, 15.68, -18.05, -21.41, -1.52, -0.8, -3.92, -6.08, 1.41]",50.00000000000001,1.0,62prKsoAXdU3ZFT4eauTSb
7jkVT8miWBcCovrkoVpMiP,Hey!,long_term,8.727272727272727,7jkVT8miWBcCovrkoVpMiP,0.855,0.547,-4.849,0.102,122.007,1,0.0469,7.76e-06,0.00626,254230,4,"[0.55, 0.66, 0.33, 0.34, 0.43, 0.47, 0.53, 0.52, 0.41, 0.38, 0.32, 0.17]","[51.29, 66.41, 2.76, -0.18, -5.61, -41.46, 18.89, 3.6, -16.94, 3.7, -12.8, -2.17]",85.71428571428572,0.91,7jkVT8miWBcCovrkoVpMiP
6RZmhpvukfyeSURhf4kZ0d,Is It True,long_term,8.666666666666666,6RZmhpvukfyeSURhf4kZ0d,0.664,0.731,-5.474,0.661,118.018,1,0.0302,0.00307,0.35,239267,4,"[0.51, 0.37, 0.27, 0.17, 0.33, 0.34, 0.32, 0.35, 0.27, 0.35, 0.24, 0.4]","[49.28, -2.88, 1.76, -0.68, 2.64, -29.41, 10.88, 1.0, -10.5, -3.99, -5.95, -2.22]",75.0,0.82,6RZmhpvukfyeSURhf4kZ0d
1DXD0wVXXHwUYo9AXbcMMI,Pitch the Baby,long_term,8.606060606060606,1DXD0wVXXHwUYo9AXbcMMI,0.821,0.478,-6.729,0.975,178.131,0,0.0407,0.438,0.324,194080,4,"[0.64, 0.35, 0.33, 0.33, 0.3, 0.49, 0.28, 0.47, 0.21, 0.3, 0.37, 0.26]","[50.35, 56.53, 55.49, 19.77, 28.21, -26.68, -14.26, -4.33, -16.14, 2.0, -8.65, -0.73]",88.88888888888889,0.78,1DXD0wVXXHwUYo9AXbcMMI
3VIMS1p3sNifH0RQnmDf7s,Jumbo,long_term,8.545454545454545,3VIMS1p3sNifH0RQnmDf7s,0.596,0.63,-11.2,0.882,139.991,0,0.0379,0.206,0.771,417853,4,"[0.58, 0.46, 0.34, 0.5, 0.27, 0.46, 0.22, 0.3, 0.35, 0.22, 0.42, 0.44]","[44.08, -11.68, -31.1, 0.77, 35.31, -29.79, -4.13, -11.97, -16.63, -3.23, -1.3, 0.76]",91.66666666666667,0.67,3VIMS1p3sNifH0RQnmDf7s
6X5zsgjDlssIkv0sVYZgx1,Tattoo,long_term,8.484848484848484,6X5zsgjDlssIkv0sVYZgx1,0.96,0.612,-4.547,0.302,141.042,1,0.091,0.00262,7.93e-05,251659,4,"[0.54, 0.51, 0.37, 0.32, 0.6, 0.44, 0.41, 0.46, 0.47, 0.47, 0.34, 0.48]","[50.97, 57.8, -2.48, -12.12, -1.56, -26.29, -2.08, 3.29, -6.48, 5.16, -7.6, 2.55]",85.71428571428571,0.89,6X5zsgjDlssIkv0sVYZgx1
4PHoUATsLrJp0wCmokcqF2,Another Side (feat. We Are KING),long_term,8.424242424242424,4PHoUATsLrJp0wCmokcqF2,0.72,0.642,-10.071,0.738,87.578,1,0.0431,0.099,0.0428,195907,4,"[0.54, 0.59, 0.36, 0.25, 0.33, 0.29, 0.45, 0.44, 0.36, 0.49, 0.34, 0.38]","[44.62, -13.05, -42.76, -2.24, 16.96, -35.29, -8.19, -7.49, -6.45, -3.14, -10.3, -2.7]",83.33333333333333,0.57,4PHoUATsLrJp0wCmokcqF2
2ksuEhOThAcdRYxMCKVDI6,"Jesus bleibet meine Freude, BWV 147/6 (Cantata 147, Herz und Mund und Tat und Leben)",long_term,8.363636363636363,2ksuEhOThAcdRYxMCKVDI6,0.0258,0.0637,-28.312,0.124,66.372,1,0.041,0.955,0.905,209640,3,"[0.33, 0.4, 0.22, 0.44, 0.23, 0.28, 0.12, 0.17, 0.39, 0.1, 0.16, 0.09]","[29.82, -212.26, -16.97, -35.51, 46.11, -41.32, 12.36, 6.21, -5.96, -2.59, -4.53, -8.35]",85.71428571428572,0.91,2ksuEhOThAcdRYxMCKVDI6
5fLaktcUZKBkWK8pGbUn7R,Bad Feeling,long_term,8.303030303030303,5fLaktcUZKBkWK8pGbUn7R,0.632,0.537,-5.975,0.274,114.989,0,0.0288,0.000883,0.00999,259934,4,"[0.23, 0.44, 0.23, 0.53, 0.19, 0.18, 0.22, 0.12, 0.14, 0.11, 0.24, 0.26]","[50.1, 57.71, 12.32, -15.47, -8.31, -22.47, -6.77, 2.06, 2.27, -1.42, -8.95, -8.21]",83.33333333333333,0.6,5fLaktcUZKBkWK8pGbUn7R
3LvIlM6G5By4mllcxZ26ms,Empty Dancefloor,long_term,8.242424242424242,3LvIlM6G5By4mllcxZ26ms,0.779,0.542,-8.654,0.3,107.979,0,0.0326,0.159,0.892,251150,4,"[0.46, 0.39, 0.27, 0.21, 0.24, 0.16, 0.41, 0.29, 0.25, 0.34, 0.27, 0.63]","[44.59, 5.56, 10.96, 14.31, 23.95, -35.59, -7.12, -4.01, -15.59, -2.14, -6.21, 5.17]",87.5,0.7,3LvIlM6G5By4mllcxZ26ms
7BpAZ1YR30OLbrFxxnTRC3,Catch Yourself Falling,long_term,8.181818181818182,7BpAZ1YR30OLbrFxxnTRC3,0.777,0.711,-9.487,0.897,148.023,1,0.029,0.304,0.0977,250200,4,"[0.47, 0.44, 0.34, 0.22, 0.39, 0.3, 0.32, 0.57, 0.26, 0.33, 0.19, 0.35]","[45.7, -25.9, -26.6, 3.25, 10.21, -26.73, -9.7, -12.8, -6.65, -3.92, -7.49, 0.74]",75.0,0.89,7BpAZ1YR30OLbrFxxnTRC3
6sqhizfXUmr0o4JdSVjo2J,My Mum Was Nico's Driver,long_term,8.121212121212121,6sqhizfXUmr0o4JdSVjo2J,0.658,0.741,-7.275,0.87,111.032,0,0.0285,0.0357,0.0,181029,4,"[0.3, 0.35, 0.36, 0.14, 0.32, 0.12, 0.25, 0.29, 0.2, 0.47, 0.19, 0.47]","[48.38, 34.88, 0.14, -12.87, 23.57, -18.26, 1.49, -0.64, -5.78, -2.88, -9.94, -8.76]",85.71428571428571,0.5,6sqhizfXUmr0o4JdSVjo2J
2Zw3HNjaNV42LnQ2uY5JQs,Myth,long_term,8.06060606060606,2Zw3HNjaNV42LnQ2uY5JQs,0.704,0.445,-6.257,0.409,141.954,1,0.0292,0.0336,0.116,258653,4,"[0.34, 0.26, 0.43, 0.42, 0.16, 0.19, 0.19, 0.56, 0.29, 0.31, 0.53, 0.33]","[51.0, 27.52, 22.52, -9.61, 17.34, -31.42, -2.7, -2.53, 3.02, 4.99, -6.38, -3.37]",66.66666666666666,0.91,2Zw3HNjaNV42LnQ2uY5JQs
4ZFi89qsullgucLAOrrXa8,Awake,long_term,8.0,4ZFi89qsullgucLAOrrXa8,0.647,0.397,-8.686,0.113,94.054,1,0.032,0.0488,0.0429,326059,4,"[0.48, 0.59, 0.25, 0.23, 0.31, 0.57, 0.43, 0.4, 0.26, 0.18, 0.26, 0.17]","[48.54, 0.59, 7.13, -20.17, 24.34, -31.09, 8.81, 3.85, 1.54, -0.98, -7.78, -1.37]",90.0,0.54,4ZFi89qsullgucLAOrrXa8
7j43FohbLVulScL7S9sQZk,Ausländer,long_term,7.9393939393939394,7j43FohbLVulScL7S9sQZk,0.912,0.681,-4.159,0.479,125.031,1,0.0912,0.000757,0.00136,231603,4,"[0.51, 0.55, 0.46, 0.33, 0.36, 0.4, 0.4, 0.63, 0.42, 0.43, 0.38, 0.34]","[51.46, 75.1, 11.96, -5.84, 1.26, -26.18, 6.07, 2.85, -11.5, 4.13, -9.15, 3.61]",88.88888888888889,0.8,7j43FohbLVulScL7S9sQZk
7hpGnN9ROMnKxO2WoWlKmY,"Turn Right, Turn Left",long_term,7.878787878787879,7hpGnN9ROMnKxO2WoWlKmY,0.489,0.524,-12.042,0.103,111.432,1,0.0295,0.292,0.786,234907,4,"[0.37, 0.35, 0.29, 0.29, 0.3, 0.35, 0.27, 0.33, 0.27, 0.38, 0.37, 0.24]","[42.25, -49.11, -1.37, -8.76, 21.8, -36.58, 6.98, -7.22, -9.83, -5.13, -4.69, 4.53]",88.88888888888889,0.78,7hpGnN9ROMnKxO2WoWlKmY
3evG0BIqEFMMP7lVJh1cSf,Don't Let Me Down - Remastered 2009,long_term,7.818181818181818,3evG0BIqEFMMP7lVJh1cSf,0.289,0.593,-11.049,0.733,77.119,1,0.0259,0.568,0.000829,215733,4,"[0.21, 0.3, 0.15, 0.21, 0.48, 0.2, 0.38, 0.14, 0.18, 0.16, 0.12, 0.38]","[43.33, -34.99, -14.81, -10.75, 12.96, -9.98, 4.29, -4.68, -0.7, -5.49, -15.84, -2.76]",83.33333333333333,0.67,3evG0BIqEFMMP7lVJh1cSf
4PEDLBGXXttmMmN4fzTrk7,Tricycle Express,long_term,7.757575757575758,4PEDLBGXXttmMmN4fzTrk7,0.833,0.678,-7.675,0.344,103.989,0,0.0454,0.0155,0.17,230813,4,"[0.62, 0.46, 0.28, 0.21, 0.24, 0.22, 0.3, 0.23, 0.32, 0.3, 0.43, 0.54]","[46.79, 89.05, -23.74, -0.08, 28.03, -28.49, 3.58, -8.13, -2.23, 6.24, -9.59, 2.87]",88.88888888888889,0.78,4PEDLBGXXttmMmN4fzTrk7
6AA4HvkXqhWF2KnFZhIibT,Somethinggreater - Gaspard Augé & Victor Le Masne Remix,long_term,7.696969696969697,6AA4HvkXqhWF2KnFZhIibT,0.758,0.541,-7.251,0.399,116.984,0,0.0945,0.00911,0.0,232507,4,"[0.45, 0.56, 0.29, 0.34, 0.39, 0.32, 0.49, 0.36, 0.42, 0.39, 0.37, 0.46]","[50.27, 40.5, 9.92, -12.26, 31.3, -35.72, 5.84, 6.3, -6.91, 3.3, -7.8, -1.74]",88.88888888888889,0.4,6AA4HvkXqhWF2KnFZhIibT
0E2d7WIdazWyRhoXyq2OF6,Miami,long_term,7.636363636363637,0E2d7WIdazWyRhoXyq2OF6,0.795,0.745,-5.018,0.874,110.014,1,0.0332,0.00766,0.302,274333,4,"[0.37, 0.27, 0.28, 0.18, 0.21, 0.21, 0.4, 0.36, 0.18, 0.31, 0.19, 0.36]","[50.42, 44.95, -47.58, -20.77, -0.92, -26.5, -10.0, 2.4, 2.32, -5.16, -10.41, 10.29]",66.66666666666667,0.93,0E2d7WIdazWyRhoXyq2OF6
3HHlTLBXHImxMfHtuWmZ3D,Another Side,long_term,7.575757575757576,3HHlTLBXHImxMfHtuWmZ3D,0.72,0.642,-10.071,0.738,87.578,1,0.0431,0.099,0.0428,195907,4,"[0.54, 0.59, 0.36, 0.25, 0.33, 0.29, 0.45, 0.44, 0.36, 0.49, 0.34, 0.38]","[44.62, -13.05, -42.76, -2.24, 16.96, -35.29, -8.19, -7.49, -6.45, -3.14, -10.3, -2.7]",83.33333333333333,0.57,3HHlTLBXHImxMfHtuWmZ3D
2EFuKYBalAcplMyUVL3BDH,Maria También,long_term,7.515151515151516,2EFuKYBalAcplMyUVL3BDH,0.632,0.746,-7.32,0.858,103.612,0,0.0462,0.00252,0.859,190999,4,"[0.38, 0.38, 0.28, 0.19, 0.31, 0.22, 0.3, 0.34, 0.51, 0.38, 0.3, 0.4]","[45.23, 61.53, 18.71, 18.07, -16.83, -18.55, 2.42, -2.79, -20.75, -6.77, 0.96, 3.2]",80.0,0.43,2EFuKYBalAcplMyUVL3BDH
0A4hDJSHcYLwqYQGUWx3w9,"Mass in B Minor, BWV 232: Agnus Dei: Agnus Dei (Alto)",long_term,7.454545454545455,0A4hDJSHcYLwqYQGUWx3w9,0.0099,0.108,-31.557,0.0442,86.297,0,0.0469,0.976,0.00361,319453,4,"[0.23, 0.41, 0.19, 0.13, 0.16, 0.21, 0.37, 0.14, 0.25, 0.21, 0.11, 0.2]","[24.49, -35.98, 24.41, -21.47, 36.08, -27.32, -27.66, -2.31, -2.34, -0.54, -3.16, 1.56]",94.44444444444444,0.53,0A4hDJSHcYLwqYQGUWx3w9
4RzRXCxmChDMDnRqDT5vht,Too Late Now - Soulwax Remix,long_term,7.393939393939394,4RzRXCxmChDMDnRqDT5vht,0.948,0.793,-6.652,0.481,129.999,1,0.058,0.0235,0.289,398769,4,"[0.42, 0.74, 0.58, 0.3, 0.34, 0.42, 0.54, 0.56, 0.42, 0.38, 0.28, 0.3]","[47.51, 4.21, -27.93, 45.53, 1.69, -40.97, -15.5, -4.25, -12.85, -3.43, -21.78, 3.75]",92.85714285714286,0.94,4RzRXCxmChDMDnRqDT5vht
5BTWVurlOGIVe4adHvgL3N,Who Goes There?,long_term,7.333333333333333,5BTWVurlOGIVe4adHvgL3N,0.388,0.274,-13.437,0.116,84.67,0,0.0324,0.00321,0.78,413480,4,"[0.33, 0.46, 0.25, 0.54, 0.3, 0.27, 0.35, 0.22, 0.3, 0.18, 0.33, 0.32]","[41.74, -52.26, -2.24, -20.14, -4.74, -38.14, 22.32, 5.58, -5.58, -0.88, -6.61, 0.28]",90.0,0.31,5BTWVurlOGIVe4adHvgL3N
0U0ldCRmgCqhVvD6ksG63j,Nightcall,long_term,7.272727272727272,0U0ldCRmgCqhVvD6ksG63j,0.874,0.532,-5.183,0.361,91.038,0,0.0482,0.00842,0.012,258413,4,"[0.49, 0.47, 0.37, 0.3, 0.45, 0.48, 0.38, 0.43, 0.3, 0.46, 0.23, 0.31]","[51.06, 41.88, -4.35, -18.59, 6.39, -30.16, -10.59, -5.31, 3.56, -2.18, -6.86, 3.27]",83.33333333333333,0.67,0U0ldCRmgCqhVvD6ksG63j
68wXv4DokvcOVNvuJ7FbWp,CUT EM IN (feat. Rick Ross),long_term,7.212121212121212,68wXv4DokvcOVNvuJ7FbWp,0.777,0.744,-5.577,0.813,158.052,1,0.353,0.461,0.0,177040,4,"[0.41, 0.51, 0.48, 0.32, 0.31, 0.41, 0.35, 0.39, 0.33, 0.41, 0.29, 0.25]","[48.85, 18.2, 19.68, 7.02, 26.1, -3.45, -1.33, 8.35, -15.73, 3.39, -17.39, -8.74]",88.88888888888889,0.73,68wXv4DokvcOVNvuJ7FbWp
5pHQZlekYdxTQExJWe1KSp,Love Me Like a Reptile,long_term,7.151515151515151,5pHQZlekYdxTQExJWe1KSp,0.948,0.253,-5.604,0.467,99.343,1,0.0749,0.000182,0.00269,200080,4,"[0.5, 0.49, 0.3, 0.43, 0.34, 0.35, 0.56, 0.5, 0.63, 0.36, 0.4, 0.36]","[53.38, 81.44, 4.53, -21.41, 10.68, -33.26, -7.1, -0.67, 2.17, 1.17, -7.88, -2.77]",91.66666666666667,0.64,5pHQZlekYdxTQExJWe1KSp
2vgUijXOTRMnWXDtvgMp2b,Take My Breath,long_term,7.090909090909091,2vgUijXOTRMnWXDtvgMp2b,0.769,0.698,-7.154,0.354,121.02,1,0.0368,0.0128,0.00166,339023,4,"[0.76, 0.51, 0.3, 0.26, 0.23, 0.24, 0.24, 0.37, 0.34, 0.26, 0.4, 0.37]","[48.44, 37.33, -10.31, 0.77, 12.5, -32.74, -1.8, -12.88, -3.08, 5.54, -10.9, 3.85]",92.85714285714286,0.79,2vgUijXOTRMnWXDtvgMp2b
7jTin1oHRjBJEpbDRHTzpK,"Fantasie in F Minor, D. 940",long_term,6.96969696969697,7jTin1oHRjBJEpbDRHTzpK,0.0215,0.376,-29.045,0.0991,110.751,1,0.0421,0.99,0.918,1160147,4,"[0.31, 0.36, 0.21, 0.17, 0.23, 0.29, 0.24, 0.26, 0.23, 0.23, 0.19, 0.17]","[23.36, -79.33, 21.9, 6.19, 64.05, -29.16, -7.26, 11.72, -21.16, -3.88, -2.16, 2.68]",97.14285714285714,0.58,7jTin1oHRjBJEpbDRHTzpK
2bPGTMB5sFfFYQ2YvSmup0,Deutschland,long_term,6.909090909090909,2bPGTMB5sFfFYQ2YvSmup0,0.895,0.521,-5.242,0.237,120.117,1,0.0442,5.54e-05,0.349,322340,4,"[0.53, 0.58, 0.55, 0.38, 0.27, 0.22, 0.27, 0.35, 0.29, 0.35, 0.33, 0.23]","[50.63, 81.77, 3.52, -13.04, -3.35, -33.68, -0.84, 2.97, -7.05, 5.1, -8.22, 1.54]",80.0,1.0,2bPGTMB5sFfFYQ2YvSmup0
0S8pQ5jVT4ZihFpIwkER7Q,Twee,long_term,6.848484848484849,0S8pQ5jVT4ZihFpIwkER7Q,0.841,0.724,-7.264,0.37,120.013,0,0.052,0.0381,0.768,304171,4,"[0.55, 0.54, 0.37, 0.33, 0.49, 0.54, 0.54, 0.48, 0.39, 0.39, 0.33, 0.36]","[46.32, -12.3, -19.83, 19.32, 6.52, -40.64, 9.02, 0.67, -10.84, 5.64, -8.48, 0.47]",90.9090909090909,0.64,0S8pQ5jVT4ZihFpIwkER7Q
1MZPteit5RISR1rqp6YnnW,Fixture Picture,long_term,6.787878787878787,1MZPteit5RISR1rqp6YnnW,0.376,0.519,-7.536,0.475,152.117,0,0.0286,0.537,0.000218,247213,4,"[0.33, 0.22, 0.38, 0.24, 0.15, 0.28, 0.13, 0.42, 0.13, 0.23, 0.31, 0.15]","[47.7, 2.74, -4.83, -18.53, 15.06, -17.78, -18.29, -6.74, -1.29, -1.46, -5.04, -2.75]",88.88888888888889,0.45,1MZPteit5RISR1rqp6YnnW
7JR0GgImeFM684xOWbYWVu,Artifact,long_term,6.727272727272727,7JR0GgImeFM684xOWbYWVu,0.868,0.713,-7.3,0.545,110.007,1,0.0441,0.000104,0.869,260000,4,"[0.41, 0.66, 0.31, 0.25, 0.46, 0.48, 0.66, 0.54, 0.39, 0.39, 0.27, 0.16]","[47.1, 20.28, -46.85, 22.28, 0.42, -63.17, 5.12, 2.9, -10.41, 13.33, -10.53, 3.54]",87.5,0.83,7JR0GgImeFM684xOWbYWVu
4sKcm9RfhgFiOJGeUjNTzF,"Das alte Jahr vergangen ist, BWV 614",long_term,6.666666666666666,4sKcm9RfhgFiOJGeUjNTzF,0.182,0.187,-24.464,0.0657,74.362,0,0.0388,0.963,0.888,151800,4,"[0.4, 0.44, 0.22, 0.31, 0.19, 0.36, 0.27, 0.17, 0.22, 0.17, 0.34, 0.26]","[35.15, -135.68, 36.81, -12.38, 6.76, -22.93, 1.27, 4.38, -24.97, -13.63, -1.42, -0.93]",85.71428571428571,0.57,4sKcm9RfhgFiOJGeUjNTzF
0622FFHEFj3sklStGf5Lm1,slutte og byne,long_term,6.6060606060606055,0622FFHEFj3sklStGf5Lm1,0.592,0.316,-12.126,0.354,182.689,1,0.0439,0.281,0.000381,325477,3,"[0.46, 0.43, 0.43, 0.33, 0.35, 0.33, 0.26, 0.41, 0.2, 0.28, 0.24, 0.21]","[43.16, 12.4, 12.52, -1.24, 14.52, -21.62, -3.59, -9.51, -4.23, 0.76, -8.07, -2.16]",83.33333333333333,0.64,0622FFHEFj3sklStGf5Lm1
1a8JpAL3vbAdXYrEABvOtb,Amerika,long_term,6.545454545454545,1a8JpAL3vbAdXYrEABvOtb,0.885,0.608,-4.296,0.518,125.023,0,0.0963,0.00258,1.33e-05,226760,4,"[0.49, 0.55, 0.61, 0.42, 0.37, 0.36, 0.3, 0.37, 0.27, 0.39, 0.3, 0.33]","[52.36, 60.21, 22.58, -2.51, 3.76, -29.05, -5.4, 4.56, -10.97, 1.97, -6.29, 0.81]",90.9090909090909,0.67,1a8JpAL3vbAdXYrEABvOtb
2SHfsvx6kgQnbWD1us8RGp,A Hero's Death - Soulwax Remix,long_term,6.484848484848484,2SHfsvx6kgQnbWD1us8RGp,0.812,0.705,-8.08,0.611,109.976,0,0.0361,0.00158,0.000514,269540,4,"[0.64, 0.77, 0.48, 0.34, 0.3, 0.33, 0.34, 0.29, 0.31, 0.34, 0.33, 0.18]","[47.31, 47.12, -40.66, -1.71, 21.55, -36.28, -2.95, -6.53, -8.95, 4.41, -12.56, -4.08]",85.71428571428572,0.2,2SHfsvx6kgQnbWD1us8RGp
7sVN5FA6DWPMrPU6yoreKp,Rare Air,long_term,6.424242424242424,7sVN5FA6DWPMrPU6yoreKp,0.643,0.584,-7.738,0.44,121.997,0,0.0306,0.0578,0.849,413388,4,"[0.49, 0.23, 0.19, 0.32, 0.21, 0.68, 0.22, 0.22, 0.26, 0.21, 0.35, 0.28]","[48.23, -20.56, 14.58, -0.11, 17.08, -32.94, 2.92, -4.89, -11.52, -5.66, -5.26, -4.61]",92.3076923076923,0.65,7sVN5FA6DWPMrPU6yoreKp
5S0HjqOc1jeLRedP96d50o,Siren Music,long_term,6.363636363636363,5S0HjqOc1jeLRedP96d50o,0.77,0.473,-5.252,0.238,103.029,0,0.0374,0.215,0.0,188573,4,"[0.41, 0.52, 0.33, 0.27, 0.45, 0.36, 0.42, 0.35, 0.34, 0.42, 0.31, 0.33]","[51.76, 17.37, 35.36, -8.21, 31.83, -31.47, 7.37, 1.29, -1.1, 0.99, -7.03, -0.42]",85.71428571428572,0.25,5S0HjqOc1jeLRedP96d50o
0BWJNm4TrO6H3qgiCmDBjM,Toccata and Fugue in D minor,long_term,6.303030303030303,0BWJNm4TrO6H3qgiCmDBjM,0.0463,0.0692,-25.35,0.0714,71.749,0,0.0373,0.87,0.308,567467,4,"[0.34, 0.38, 0.45, 0.19, 0.3, 0.29, 0.16, 0.31, 0.17, 0.45, 0.23, 0.14]","[29.34, -18.59, 45.99, -10.45, 17.71, -25.87, -4.58, -0.63, -10.49, -5.35, -3.58, 1.24]",93.33333333333333,0.61,0BWJNm4TrO6H3qgiCmDBjM
64dLd6rVqDLtkXFYrEUHIU,New Gold (feat. Tame Impala and Bootie Brown),long_term,6.242424242424242,64dLd6rVqDLtkXFYrEUHIU,0.923,0.695,-3.93,0.551,108.014,0,0.0522,0.0425,0.0469,215150,3,"[0.55, 0.68, 0.28, 0.27, 0.33, 0.28, 0.41, 0.31, 0.4, 0.41, 0.36, 0.34]","[50.97, 41.52, -15.06, -5.15, 31.05, -31.94, -14.8, -10.58, -0.38, -2.12, -8.04, 1.73]",83.33333333333333,0.14,64dLd6rVqDLtkXFYrEUHIU
5YSI1311X8t31PBjkBG4CZ,Wuthering Heights,long_term,6.181818181818182,5YSI1311X8t31PBjkBG4CZ,0.392,0.481,-11.381,0.52,124.572,1,0.0312,0.366,0.0452,269067,4,"[0.24, 0.43, 0.21, 0.28, 0.26, 0.31, 0.37, 0.19, 0.33, 0.21, 0.26, 0.17]","[44.79, 54.05, 56.96, 2.21, 5.48, -15.68, 0.81, 2.29, -9.2, -2.03, -7.91, -0.84]",87.5,0.78,5YSI1311X8t31PBjkBG4CZ
3Y1dCjPeCkjBlqGIJqE449,Night Striker,long_term,6.121212121212121,3Y1dCjPeCkjBlqGIJqE449,0.55,0.428,-12.229,0.363,165.066,1,0.0323,0.00238,0.808,288987,4,"[0.43, 0.41, 0.27, 0.21, 0.25, 0.32, 0.4, 0.55, 0.41, 0.32, 0.26, 0.22]","[43.12, -56.21, -16.71, -9.92, -3.73, -42.91, 17.25, 5.09, -4.84, 2.89, -8.2, -3.85]",90.0,0.62,3Y1dCjPeCkjBlqGIJqE449
4fQIB3lU4Xhhim4Yj5YMr7,Io,long_term,6.0606060606060606,4fQIB3lU4Xhhim4Yj5YMr7,0.501,0.461,-11.997,0.378,175.403,0,0.0738,0.727,0.961,363122,3,"[0.41, 0.63, 0.3, 0.14, 0.14, 0.16, 0.52, 0.25, 0.36, 0.35, 0.33, 0.22]","[36.67, -135.34, -99.34, 42.53, -4.47, -39.37, -4.5, -23.29, 2.29, 16.67, -12.61, 1.98]",92.3076923076923,0.41,4fQIB3lU4Xhhim4Yj5YMr7
6W26h4KbGUnEaav5VWIyJm,The Day Before You Came,long_term,6.0,6W26h4KbGUnEaav5VWIyJm,0.388,0.801,-14.594,0.736,108.071,0,0.0354,0.0498,0.00421,349080,4,"[0.55, 0.36, 0.37, 0.47, 0.31, 0.34, 0.24, 0.42, 0.26, 0.19, 0.24, 0.4]","[39.23, 11.72, -0.26, 20.51, 22.22, -27.7, 1.21, 0.04, -4.06, -0.27, -8.37, 2.78]",93.33333333333333,0.84,6W26h4KbGUnEaav5VWIyJm
0akzU7VdwCaGjDWZnvK1G1,I'm Not Your Dog,long_term,5.9393939393939394,0akzU7VdwCaGjDWZnvK1G1,0.788,0.538,-5.503,0.383,102.276,1,0.0338,0.000385,0.278,178253,4,"[0.39, 0.47, 0.23, 0.34, 0.53, 0.28, 0.26, 0.24, 0.38, 0.23, 0.27, 0.38]","[50.68, 23.35, -4.87, -15.47, -9.49, -30.23, 1.86, 2.74, 4.6, 4.41, -8.41, -0.96]",88.88888888888889,0.78,0akzU7VdwCaGjDWZnvK1G1
2vHT9P2HMzRmlzhs9SL5wR,Welcome,long_term,5.878787878787879,2vHT9P2HMzRmlzhs9SL5wR,0.0182,0.164,-22.108,0.0919,66.192,1,0.0427,0.874,0.994,38105,3,"[0.65, 0.11, 0.04, 0.04, 0.06, 0.07, 0.04, 0.13, 0.2, 0.18, 0.42, 0.21]","[35.52, -175.78, -6.28, -31.87, 29.36, -38.14, 25.32, 8.53, -4.22, -1.46, -5.56, 0.39]",50.0,1.0,2vHT9P2HMzRmlzhs9SL5wR
4K9LbcaUblvR7ooSZKVKEL,Then Again,long_term,5.818181818181818,4K9LbcaUblvR7ooSZKVKEL,0.532,0.761,-9.22,0.769,155.027,1,0.0399,0.486,0.869,208616,4,"[0.6, 0.37, 0.35, 0.18, 0.21, 0.34, 0.17, 0.37, 0.16, 0.2, 0.34, 0.21]","[42.63, -44.69, -11.5, 16.14, -1.61, -16.11, 0.49, -19.08, -12.97, -6.91, -6.25, 5.39]",75.0,0.71,4K9LbcaUblvR7ooSZKVKEL
4hWvTpAuTWI0SjQ5TsVRzP,"The Well-Tempered Clavier, Book 1: Prelude I in C Major, BWV 846",long_term,5.757575757575758,4hWvTpAuTWI0SjQ5TsVRzP,0.154,0.159,-31.61,0.216,133.07,1,0.0349,0.751,0.822,150213,4,"[0.44, 0.25, 0.32, 0.3, 0.19, 0.46, 0.22, 0.29, 0.18, 0.41, 0.52, 0.23]","[29.61, 66.11, 5.19, -18.09, 50.57, -35.18, -28.11, -12.52, 2.32, 5.91, -7.17, -12.3]",83.33333333333334,1.0,4hWvTpAuTWI0SjQ5TsVRzP
2fJzvVoZkY4iuwK1EUwbvr,Zombie,long_term,5.696969696969697,2fJzvVoZkY4iuwK1EUwbvr,0.717,0.535,-7.601,0.398,144.98,1,0.0348,0.000392,0.00112,240053,4,"[0.59, 0.53, 0.33, 0.34, 0.27, 0.32, 0.33, 0.41, 0.43, 0.27, 0.34, 0.25]","[49.32, 46.96, -12.19, -13.67, 14.78, -37.62, 6.99, 5.11, -6.67, 1.41, -8.03, -2.03]",87.5,0.6,2fJzvVoZkY4iuwK1EUwbvr
2dkVHI7pCyRKin1g2crSBq,Zukunftsmusik - Schneider&groeneveld Remix,long_term,5.636363636363637,2dkVHI7pCyRKin1g2crSBq,0.937,0.738,-5.987,0.243,126.01,0,0.0359,0.0101,0.79,346667,4,"[0.87, 0.68, 0.3, 0.33, 0.37, 0.32, 0.31, 0.41, 0.25, 0.23, 0.36, 0.27]","[47.43, -22.86, -43.82, 32.17, 6.5, -58.6, -0.83, -13.93, -4.17, 12.74, -12.08, -0.96]",85.71428571428571,0.88,2dkVHI7pCyRKin1g2crSBq
1bHrUhSO0HYL1bM8QeYJww,Impact - Soulwax Remix – Edit,long_term,5.575757575757575,1bHrUhSO0HYL1bM8QeYJww,0.837,0.759,-5.892,0.564,116.024,1,0.0565,0.00313,0.0074,218235,4,"[0.47, 0.44, 0.39, 0.21, 0.23, 0.2, 0.36, 0.26, 0.38, 0.44, 0.42, 0.43]","[49.44, 36.08, -2.91, 25.37, 21.02, -35.1, -0.13, 2.63, -24.67, 1.31, -13.83, -3.67]",87.5,0.27,1bHrUhSO0HYL1bM8QeYJww
6EV7iIhdW9VBjphqZNGSfM,Evan Finds the Third Room,long_term,5.515151515151515,6EV7iIhdW9VBjphqZNGSfM,0.385,0.781,-9.976,0.842,105.812,0,0.0789,0.0101,0.587,240743,4,"[0.65, 0.38, 0.18, 0.24, 0.27, 0.31, 0.19, 0.27, 0.32, 0.24, 0.44, 0.32]","[40.42, 20.63, -5.12, 14.07, -16.87, -12.36, -10.46, 3.44, -18.16, -6.34, -5.06, -9.07]",80.0,0.29,6EV7iIhdW9VBjphqZNGSfM
6mcfZIZhkEmNkh2ezmecvb,Desire,long_term,5.454545454545454,6mcfZIZhkEmNkh2ezmecvb,0.573,0.439,-12.096,0.385,220.041,0,0.0288,0.64,0.903,212725,4,"[0.67, 0.54, 0.37, 0.3, 0.46, 0.27, 0.31, 0.43, 0.2, 0.21, 0.16, 0.51]","[43.28, -72.47, -47.23, -18.88, 14.9, -39.26, -9.25, -4.52, 2.94, -4.13, -6.88, 2.74]",75.0,0.5,6mcfZIZhkEmNkh2ezmecvb
5c30Lqd4zY3dpMK2usb9yU,Arpeggi,long_term,5.393939393939394,5c30Lqd4zY3dpMK2usb9yU,0.32,0.69,-13.055,0.494,158.008,0,0.0588,0.115,0.953,285880,3,"[0.32, 0.41, 0.28, 0.17, 0.31, 0.24, 0.32, 0.35, 0.25, 0.29, 0.2, 0.35]","[34.37, -145.41, -85.77, 6.93, 10.39, -53.84, 19.1, 0.08, -11.37, -2.47, -15.53, -6.41]",90.9090909090909,0.62,5c30Lqd4zY3dpMK2usb9yU
3dvXRk7TZ929m21p49RR5P,Mariella,long_term,5.333333333333333,3dvXRk7TZ929m21p49RR5P,0.576,0.593,-10.331,0.559,109.935,1,0.032,0.526,0.718,310554,4,"[0.26, 0.31, 0.37, 0.22, 0.4, 0.32, 0.42, 0.37, 0.25, 0.45, 0.25, 0.36]","[44.33, -59.38, 1.82, -8.01, -3.52, -27.74, 1.21, -5.94, -10.78, -6.92, -0.2, 0.7]",88.88888888888889,0.73,3dvXRk7TZ929m21p49RR5P
39P8tov8L01Rp7LD8oczr2,What U,long_term,5.2727272727272725,39P8tov8L01Rp7LD8oczr2,0.626,0.687,-9.813,0.391,109.013,1,0.0606,0.199,0.912,252867,4,"[0.7, 0.6, 0.4, 0.32, 0.39, 0.44, 0.38, 0.46, 0.38, 0.43, 0.41, 0.29]","[43.81, -50.42, -9.34, 4.99, 22.37, -31.49, 14.25, 2.49, -12.39, 1.19, -9.25, -0.57]",90.0,0.54,39P8tov8L01Rp7LD8oczr2
2GnhkfBcDsFdG1MQILHM3j,EQUILIBRIUM,long_term,5.212121212121212,2GnhkfBcDsFdG1MQILHM3j,0.508,0.738,-9.421,0.474,118.047,0,0.0817,0.682,0.928,289960,4,"[0.48, 0.42, 0.32, 0.4, 0.21, 0.35, 0.42, 0.41, 0.53, 0.34, 0.41, 0.38]","[43.63, -75.39, 15.13, 12.62, 34.37, -31.05, 5.69, 3.53, -2.48, -3.15, -5.46, -7.12]",87.5,0.7,2GnhkfBcDsFdG1MQILHM3j
5zIJsFst05gsrUdr9ghEpG,"Gottes Zeit ist die allerbeste Zeit, Sonatina az ""Actus tragicus""-ból, BWV 106",long_term,5.151515151515151,5zIJsFst05gsrUdr9ghEpG,0.0252,0.457,-35.116,0.168,74.137,1,0.0621,0.996,0.875,138840,4,"[0.24, 0.15, 0.2, 0.46, 0.15, 0.49, 0.09, 0.26, 0.31, 0.09, 0.35, 0.07]","[22.04, -134.26, 11.56, 7.16, 71.97, -25.17, -0.26, 22.0, -27.35, -3.25, -6.23, -0.42]",66.66666666666667,0.86,5zIJsFst05gsrUdr9ghEpG
1RJ7lCKTWeWdlhkfPYD1En,Tokyo 1994,long_term,5.090909090909091,1RJ7lCKTWeWdlhkfPYD1En,0.513,0.569,-12.868,0.177,132.012,0,0.0286,0.000471,0.922,132973,4,"[0.47, 0.63, 0.45, 0.21, 0.19, 0.3, 0.26, 0.35, 0.25, 0.32, 0.29, 0.26]","[44.3, -20.86, -8.23, -9.55, -13.87, -36.19, 17.7, -0.97, -0.7, -0.52, -8.11, -1.2]",83.33333333333333,0.33,1RJ7lCKTWeWdlhkfPYD1En
2vDC9iyQpY3EsioJD8pRiW,Fifty-fifty Clown,long_term,5.03030303030303,2vDC9iyQpY3EsioJD8pRiW,0.694,0.481,-7.38,0.374,180.117,0,0.0272,0.0488,0.0738,190213,3,"[0.6, 0.42, 0.24, 0.39, 0.26, 0.27, 0.2, 0.28, 0.31, 0.22, 0.41, 0.27]","[48.38, 6.82, 8.27, -2.43, 20.72, -36.11, 15.66, 3.81, -18.6, -2.91, -4.44, 3.59]",87.5,0.58,2vDC9iyQpY3EsioJD8pRiW
58N177UE0dL8pb3hyLkELb,Somethinggreater - Gaspard Augé & Victor Le Masne Remix,long_term,4.96969696969697,58N177UE0dL8pb3hyLkELb,0.758,0.541,-7.251,0.399,116.984,0,0.0945,0.00911,0.0,232507,4,"[0.45, 0.56, 0.29, 0.34, 0.39, 0.32, 0.49, 0.36, 0.42, 0.39, 0.37, 0.46]","[50.27, 40.5, 9.92, -12.26, 31.3, -35.72, 5.84, 6.3, -6.91, 3.3, -7.8, -1.74]",88.88888888888889,0.4,58N177UE0dL8pb3hyLkELb
6NYBfminB8VNM7n4GgcwfW,Saturday - Instrumental,long_term,4.909090909090909,6NYBfminB8VNM7n4GgcwfW,0.682,0.497,-6.781,0.318,128.237,1,0.0314,0.369,0.0128,194320,4,"[0.53, 0.5, 0.23, 0.58, 0.21, 0.28, 0.19, 0.3, 0.39, 0.17, 0.32, 0.15]","[48.79, 44.69, 49.65, 2.08, 50.16, -34.12, 1.15, -1.64, 0.99, 4.89, -6.17, 2.55]",80.0,1.0,6NYBfminB8VNM7n4GgcwfW
7aciebfpMZffzCTSg9rLIZ,Levitation,long_term,4.848484848484849,7aciebfpMZffzCTSg9rLIZ,0.452,0.249,-7.126,0.0676,142.352,1,0.0303,0.55,0.427,354600,4,"[0.19, 0.46, 0.45, 0.1, 0.19, 0.1, 0.57, 0.22, 0.12, 0.53, 0.12, 0.2]","[50.42, 20.18, 34.17, -14.46, 32.48, -31.75, -12.54, -2.03, -4.77, -1.0, -3.17, 7.05]",66.66666666666666,0.9,7aciebfpMZffzCTSg9rLIZ
51EMSRpNm9Rg5rGViVCczv,Andromeda,long_term,4.787878787878788,51EMSRpNm9Rg5rGViVCczv,0.461,0.467,-7.94,0.188,131.325,0,0.0274,0.368,0.00115,280187,4,"[0.23, 0.38, 0.16, 0.26, 0.32, 0.14, 0.27, 0.18, 0.4, 0.35, 0.18, 0.34]","[48.28, -8.81, 20.46, -14.81, 19.92, -27.51, 2.24, 0.58, -1.72, -1.36, -6.71, 1.26]",93.33333333333333,0.41,51EMSRpNm9Rg5rGViVCczv
4NKvSohxaivlVYuvqbqFup,Hausgemacht,long_term,4.727272727272728,4NKvSohxaivlVYuvqbqFup,0.53,0.667,-10.789,0.443,140.055,1,0.112,0.00815,0.93,156039,4,"[0.74, 0.68, 0.49, 0.3, 0.21, 0.19, 0.22, 0.21, 0.21, 0.25, 0.33, 0.3]","[44.48, -18.78, -17.23, -13.52, -7.71, -33.51, 14.72, -6.04, -0.52, 3.59, -10.24, -1.67]",85.71428571428572,0.75,4NKvSohxaivlVYuvqbqFup
5bu9A6uphPWg39RC3ZKeku,"Goldberg Variations, BWV 988: Aria",long_term,4.666666666666666,5bu9A6uphPWg39RC3ZKeku,0.0139,0.454,-29.966,0.244,130.253,0,0.0514,0.995,0.943,184853,4,"[0.23, 0.12, 0.23, 0.08, 0.25, 0.08, 0.28, 0.37, 0.14, 0.28, 0.07, 0.27]","[24.31, -128.79, 7.96, 19.56, 82.39, -32.81, -7.57, 21.91, -7.02, 1.8, -7.25, -6.72]",85.71428571428572,0.8,5bu9A6uphPWg39RC3ZKeku
4oEfv4ljcIHjU6xHFYEyGT,Orca,long_term,4.6060606060606055,4oEfv4ljcIHjU6xHFYEyGT,0.501,0.273,-9.033,0.474,93.65,1,0.0323,0.706,0.0308,142480,4,"[0.24, 0.34, 0.17, 0.43, 0.19, 0.28, 0.31, 0.24, 0.58, 0.2, 0.21, 0.11]","[46.28, 8.43, 83.42, 11.03, 53.59, -29.7, 11.24, -0.06, 6.39, 1.23, -8.27, -8.4]",66.66666666666666,0.67,4oEfv4ljcIHjU6xHFYEyGT
4hRdaL1ZSGvPJNQezb0ejL,Wuthering Heights - 2018 Remaster,long_term,4.545454545454545,4hRdaL1ZSGvPJNQezb0ejL,0.399,0.481,-10.813,0.544,124.646,1,0.0306,0.413,0.151,268933,4,"[0.24, 0.44, 0.2, 0.28, 0.26, 0.31, 0.38, 0.19, 0.33, 0.21, 0.26, 0.17]","[45.31, 51.0, 58.26, 3.21, 6.38, -15.7, 1.07, 2.31, -9.29, -2.57, -7.89, -0.9]",85.71428571428571,0.7,4hRdaL1ZSGvPJNQezb0ejL
5aYSlP4RN0XGJz1ieWnwcT,"Bach: Fugee, BWV 543",long_term,4.484848484848484,5aYSlP4RN0XGJz1ieWnwcT,0.267,0.46,-24.927,0.505,171.044,0,0.0452,0.996,0.918,214954,4,"[0.12, 0.3, 0.11, 0.17, 0.16, 0.1, 0.2, 0.09, 0.41, 0.37, 0.09, 0.3]","[34.07, -179.96, 33.28, 6.85, 70.85, -29.06, -36.76, -2.8, -5.81, -5.41, -0.12, -9.88]",87.5,0.27,5aYSlP4RN0XGJz1ieWnwcT
5ozqshq2dtU7SYCpCBu0NE,One More Year,long_term,4.424242424242424,5ozqshq2dtU7SYCpCBu0NE,0.88,0.602,-5.414,0.493,114.009,1,0.0354,0.057,0.46,324013,4,"[0.57, 0.52, 0.28, 0.3, 0.29, 0.52, 0.47, 0.4, 0.52, 0.33, 0.42, 0.26]","[49.9, 10.52, 15.48, 5.87, 27.82, -34.43, -0.93, -0.96, -16.12, -0.45, -5.9, -5.34]",88.88888888888889,0.69,5ozqshq2dtU7SYCpCBu0NE
67WxAn7LZ9LXrLZzAAlkZO,"Three Little Fugues from Klavierbüchlein für Wilhelm Bach: Fughetta in C Minor, BWV 961",long_term,4.363636363636363,67WxAn7LZ9LXrLZzAAlkZO,0.158,0.478,-22.193,0.721,137.227,1,0.0546,0.994,0.89,145000,4,"[0.25, 0.06, 0.2, 0.2, 0.07, 0.24, 0.06, 0.26, 0.18, 0.12, 0.32, 0.12]","[34.24, -93.87, 51.38, 54.48, 52.37, -17.89, -33.27, -6.64, -10.77, -1.63, -7.21, -3.99]",83.33333333333333,0.62,67WxAn7LZ9LXrLZzAAlkZO
4mExZER1NmVLhNy9aPmdUS,Time To Dance - Sebastian Remix,long_term,4.303030303030303,4mExZER1NmVLhNy9aPmdUS,0.896,0.682,-5.651,0.364,122.033,1,0.115,0.00133,0.21,204848,4,"[0.57, 0.6, 0.33, 0.32, 0.38, 0.27, 0.36, 0.41, 0.48, 0.63, 0.46, 0.23]","[49.08, 74.12, -18.53, -9.04, 0.79, -23.02, -0.7, 3.24, -7.05, 7.38, -9.73, 2.47]",85.71428571428571,0.75,4mExZER1NmVLhNy9aPmdUS
2OqtZbITDWCFUHAT9fmdin,Choses nouvelles,long_term,4.242424242424242,2OqtZbITDWCFUHAT9fmdin,0.383,0.669,-12.993,0.569,140.011,0,0.0385,0.465,0.856,234600,4,"[0.36, 0.36, 0.31, 0.19, 0.24, 0.25, 0.45, 0.27, 0.29, 0.41, 0.31, 0.51]","[42.33, -84.86, -38.32, -18.36, -1.64, -23.54, -2.81, -4.65, 4.22, -10.59, -8.85, -3.27]",90.9090909090909,0.45,2OqtZbITDWCFUHAT9fmdin
6EPRKhUOdiFSQwGBRBbvsZ,Ace of Spades,long_term,4.181818181818182,6EPRKhUOdiFSQwGBRBbvsZ,0.91,0.342,-7.748,0.547,140.452,1,0.0758,4.02e-05,0.000121,166360,4,"[0.31, 0.43, 0.34, 0.66, 0.67, 0.54, 0.46, 0.32, 0.39, 0.37, 0.41, 0.28]","[51.29, 89.0, 28.24, -10.6, 3.43, -30.31, -2.33, 2.68, -0.48, 3.29, -8.22, -15.64]",80.0,0.5,6EPRKhUOdiFSQwGBRBbvsZ
4Jj8pWRyVjh0KIJLrcreRa,Here We Go Jack,long_term,4.121212121212121,4Jj8pWRyVjh0KIJLrcreRa,0.309,0.679,-10.606,0.473,163.979,1,0.032,0.585,0.907,237938,4,"[0.29, 0.49, 0.36, 0.16, 0.52, 0.21, 0.28, 0.19, 0.28, 0.3, 0.14, 0.38]","[41.27, -87.94, -54.71, -3.61, 1.01, -23.17, 4.64, -6.26, -13.97, -6.89, -7.88, -2.8]",87.5,0.75,4Jj8pWRyVjh0KIJLrcreRa
3v9g8iM3v5irWQHqFWaDSo,Cómo Te Quiero,long_term,4.0606060606060606,3v9g8iM3v5irWQHqFWaDSo,0.277,0.608,-11.917,0.437,126.501,1,0.0282,0.622,0.896,242536,4,"[0.32, 0.22, 0.24, 0.16, 0.39, 0.14, 0.23, 0.45, 0.21, 0.35, 0.2, 0.26]","[40.47, -62.61, 3.05, -1.31, -12.6, -24.89, -1.5, -8.13, -20.14, -8.66, -1.9, -0.7]",88.88888888888889,0.73,3v9g8iM3v5irWQHqFWaDSo
2tObQO8pxckNOezskTjWVK,"Concerto in D Minor, BWV 974: II. Adagio",long_term,4.0,2tObQO8pxckNOezskTjWVK,0.0179,0.383,-30.931,0.0387,63.586,0,0.0455,0.993,0.949,250333,4,"[0.21, 0.28, 0.4, 0.14, 0.38, 0.36, 0.12, 0.31, 0.1, 0.33, 0.21, 0.09]","[23.88, -124.16, 36.2, 23.86, 83.74, -33.15, 5.26, 19.59, -10.16, -0.56, -4.94, -11.22]",66.66666666666666,0.43,2tObQO8pxckNOezskTjWVK
